,t-10,t-9,t-8,t-7,t-6,t-5,t-4,t-3,t-2,t-1,t+0,t+1,t+2,t+3,t+4,t+5,t+6,t+7,t+8,t+9,t+10
2018-01-24,,,,,,0.008833485072814163,0.009258424563644212,0.008675208719658998,0.008715194759093589,0.007668623421518006,0.007777975300244731,0.007765529930147275,0.004064925890453115,0.00406674601336506,0.00392346460584675,0.0031941876216256835,0.0028047231399550556,0.0071388456845166435,0.011284402519707845,0.01227642774317779,0.012269505030020935
2018-01-31,0.008833485072814163,0.009258424563644212,0.008675208719658998,0.008715194759093589,0.007668623421518006,0.007777975300244731,0.007765529930147275,0.004064925890453115,0.00406674601336506,0.00392346460584675,0.0031941876216256835,0.0028047231399550556,0.0071388456845166435,0.011284402519707845,0.01227642774317779,0.012269505030020935,0.01353321002392707,0.013919026845296372,0.016154300650883736,0.01720143685693173,0.018038686198728053
2018-02-13,0.00392346460584675,0.0031941876216256835,0.0028047231399550556,0.0071388456845166435,0.011284402519707845,0.01227642774317779,0.012269505030020935,0.01353321002392707,0.013919026845296372,0.016154300650883736,0.01720143685693173,0.018038686198728053,0.01963247109507001,0.018129108743418193,0.014119425424228102,0.014047266547719497,0.01365733765083202,0.009103716316308467,0.009206154061167243,0.010900201129168605,0.011166190906972049
2018-02-27,0.016154300650883736,0.01720143685693173,0.018038686198728053,0.01963247109507001,0.018129108743418193,0.014119425424228102,0.014047266547719497,0.01365733765083202,0.009103716316308467,0.009206154061167243,0.010900201129168605,0.011166190906972049,0.010811532738615588,0.008363474095604843,0.008298996526579693,0.008617098098934605,0.008462791919542483,0.008425699973117179,0.008491042960399991,0.007632517602298945,0.005709002246435533
2018-03-20,0.008617098098934605,0.008462791919542483,0.008425699973117179,0.008491042960399991,0.007632517602298945,0.005709002246435533,0.004534282652670293,0.0033813157856382794,0.004515483346436621,0.004629833116576147,0.004752447472795697,0.004763180322306604,0.007899261998711637,0.008654167506893072,0.014324640334716985,0.015284042736017002,0.015542160300716564,0.01562396665143065,0.016140801813240378,0.017887147204973496,0.017941067655200666
2018-03-21,0.008462791919542483,0.008425699973117179,0.008491042960399991,0.007632517602298945,0.005709002246435533,0.004534282652670293,0.0033813157856382794,0.004515483346436621,0.004629833116576147,0.004752447472795697,0.004763180322306604,0.007899261998711637,0.008654167506893072,0.014324640334716985,0.015284042736017002,0.015542160300716564,0.01562396665143065,0.016140801813240378,0.017887147204973496,0.017941067655200666,0.018058284737055258
2018-03-27,0.005709002246435533,0.004534282652670293,0.0033813157856382794,0.004515483346436621,0.004629833116576147,0.004752447472795697,0.004763180322306604,0.007899261998711637,0.008654167506893072,0.014324640334716985,0.015284042736017002,0.015542160300716564,0.01562396665143065,0.016140801813240378,0.017887147204973496,0.017941067655200666,0.018058284737055258,0.01771581507204476,0.017272845769756028,0.013592488021847102,0.012435050863162316
2018-05-07,0.006794138348816357,0.006677335456240636,0.006678540928075259,0.00781532236745985,0.00912282092445588,0.009023006895680492,0.008816441604179742,0.008515614779252676,0.008531266815144465,0.00845791945499493,0.008022651696157136,0.008754156845434397,0.008969197155765322,0.009832046159188894,0.00890671845860876,0.008802000543550617,0.00890844801297365,0.008667939078749335,0.008719910825541662,0.009237007448313803,0.009858213079992894
2018-05-16,0.008515614779252676,0.008531266815144465,0.00845791945499493,0.008022651696157136,0.008754156845434397,0.008969197155765322,0.009832046159188894,0.00890671845860876,0.008802000543550617,0.00890844801297365,0.008667939078749335,0.008719910825541662,0.009237007448313803,0.009858213079992894,0.008631569455938664,0.008559125512227862,0.0072765780147593506,0.007800059525096994,0.00844360068876034,0.010666936737636142,0.010529847848135527
2018-05-31,0.008667939078749335,0.008719910825541662,0.009237007448313803,0.009858213079992894,0.008631569455938664,0.008559125512227862,0.0072765780147593506,0.007800059525096994,0.00844360068876034,0.010666936737636142,0.010529847848135527,0.010557886691350146,0.012283042886846974,0.011161691045982868,0.010818905890955594,0.010760813665231064,0.011713336700633964,0.01152153903126401,0.011072580719522631,0.008618100006888322,0.008679285557474272
2018-06-04,0.009237007448313803,0.009858213079992894,0.008631569455938664,0.008559125512227862,0.0072765780147593506,0.007800059525096994,0.00844360068876034,0.010666936737636142,0.010529847848135527,0.010557886691350146,0.012283042886846974,0.011161691045982868,0.010818905890955594,0.010760813665231064,0.011713336700633964,0.01152153903126401,0.011072580719522631,0.008618100006888322,0.008679285557474272,0.008708158306564552,0.006124297196147812
2018-08-21,0.00766594341700282,0.0045674951352729235,0.002856083093387139,0.005892193103800097,0.005751842337504638,0.00648575644082795,0.006997770538828036,0.009365846492062199,0.01011750033639663,0.011782490717820398,0.012551315764544983,0.012528587003002906,0.012944979006042133,0.012186572211595543,0.0120081637311251,0.010573758538850278,0.008495786016657328,0.01005219012803304,0.010169024038958158,0.010566334795022163,0.009905226162316833
2018-09-06,0.012528587003002906,0.012944979006042133,0.012186572211595543,0.0120081637311251,0.010573758538850278,0.008495786016657328,0.01005219012803304,0.010169024038958158,0.010566334795022163,0.009905226162316833,0.009932298793968041,0.009339143642998506,0.008595364683878838,0.007915974330400428,0.008053840693676394,0.007610334075471923,0.0064368604336777924,0.005639864859582331,0.005469216103001764,0.005148842665852465,0.005928508815149743
2018-09-07,0.012944979006042133,0.012186572211595543,0.0120081637311251,0.010573758538850278,0.008495786016657328,0.01005219012803304,0.010169024038958158,0.010566334795022163,0.009905226162316833,0.009932298793968041,0.009339143642998506,0.008595364683878838,0.007915974330400428,0.008053840693676394,0.007610334075471923,0.0064368604336777924,0.005639864859582331,0.005469216103001764,0.005148842665852465,0.005928508815149743,0.005252485030499464
2018-09-10,0.012186572211595543,0.0120081637311251,0.010573758538850278,0.008495786016657328,0.01005219012803304,0.010169024038958158,0.010566334795022163,0.009905226162316833,0.009932298793968041,0.009339143642998506,0.008595364683878838,0.007915974330400428,0.008053840693676394,0.007610334075471923,0.0064368604336777924,0.005639864859582331,0.005469216103001764,0.005148842665852465,0.005928508815149743,0.005252485030499464,0.006478795795401546
2018-09-12,0.010573758538850278,0.008495786016657328,0.01005219012803304,0.010169024038958158,0.010566334795022163,0.009905226162316833,0.009932298793968041,0.009339143642998506,0.008595364683878838,0.007915974330400428,0.008053840693676394,0.007610334075471923,0.0064368604336777924,0.005639864859582331,0.005469216103001764,0.005148842665852465,0.005928508815149743,0.005252485030499464,0.006478795795401546,0.006769671573863371,0.006764956080087726
2018-09-13,0.008495786016657328,0.01005219012803304,0.010169024038958158,0.010566334795022163,0.009905226162316833,0.009932298793968041,0.009339143642998506,0.008595364683878838,0.007915974330400428,0.008053840693676394,0.007610334075471923,0.0064368604336777924,0.005639864859582331,0.005469216103001764,0.005148842665852465,0.005928508815149743,0.005252485030499464,0.006478795795401546,0.006769671573863371,0.006764956080087726,0.006392226598088121
2018-09-14,0.01005219012803304,0.010169024038958158,0.010566334795022163,0.009905226162316833,0.009932298793968041,0.009339143642998506,0.008595364683878838,0.007915974330400428,0.008053840693676394,0.007610334075471923,0.0064368604336777924,0.005639864859582331,0.005469216103001764,0.005148842665852465,0.005928508815149743,0.005252485030499464,0.006478795795401546,0.006769671573863371,0.006764956080087726,0.006392226598088121,0.006324824672814207
2018-09-17,0.010169024038958158,0.010566334795022163,0.009905226162316833,0.009932298793968041,0.009339143642998506,0.008595364683878838,0.007915974330400428,0.008053840693676394,0.007610334075471923,0.0064368604336777924,0.005639864859582331,0.005469216103001764,0.005148842665852465,0.005928508815149743,0.005252485030499464,0.006478795795401546,0.006769671573863371,0.006764956080087726,0.006392226598088121,0.006324824672814207,0.0064288767693967954
2018-09-19,0.009905226162316833,0.009932298793968041,0.009339143642998506,0.008595364683878838,0.007915974330400428,0.008053840693676394,0.007610334075471923,0.0064368604336777924,0.005639864859582331,0.005469216103001764,0.005148842665852465,0.005928508815149743,0.005252485030499464,0.006478795795401546,0.006769671573863371,0.006764956080087726,0.006392226598088121,0.006324824672814207,0.0064288767693967954,0.005842069070738856,0.005974120273644943
2018-09-25,0.007915974330400428,0.008053840693676394,0.007610334075471923,0.0064368604336777924,0.005639864859582331,0.005469216103001764,0.005148842665852465,0.005928508815149743,0.005252485030499464,0.006478795795401546,0.006769671573863371,0.006764956080087726,0.006392226598088121,0.006324824672814207,0.0064288767693967954,0.005842069070738856,0.005974120273644943,0.006191340242674014,0.005948861253419903,0.00664973261475383,0.0066349297098638755
2018-10-09,0.006769671573863371,0.006764956080087726,0.006392226598088121,0.006324824672814207,0.0064288767693967954,0.005842069070738856,0.005974120273644943,0.006191340242674014,0.005948861253419903,0.00664973261475383,0.0066349297098638755,0.011464956099245785,0.0116494643030967,0.01385659829320017,0.01384996158832695,0.015453864077729973,0.015434989074084023,0.015188618688614262,0.01515883883471078,0.01484870623006686,0.015812967893096226
2018-10-10,0.006764956080087726,0.006392226598088121,0.006324824672814207,0.0064288767693967954,0.005842069070738856,0.005974120273644943,0.006191340242674014,0.005948861253419903,0.00664973261475383,0.0066349297098638755,0.011464956099245785,0.0116494643030967,0.01385659829320017,0.01384996158832695,0.015453864077729973,0.015434989074084023,0.015188618688614262,0.01515883883471078,0.01484870623006686,0.015812967893096226,0.014471275548844793
2018-10-15,0.0064288767693967954,0.005842069070738856,0.005974120273644943,0.006191340242674014,0.005948861253419903,0.00664973261475383,0.0066349297098638755,0.011464956099245785,0.0116494643030967,0.01385659829320017,0.01384996158832695,0.015453864077729973,0.015434989074084023,0.015188618688614262,0.01515883883471078,0.01484870623006686,0.015812967893096226,0.014471275548844793,0.015042154109474942,0.013689031399721647,0.014905764112093968
2018-10-22,0.00664973261475383,0.0066349297098638755,0.011464956099245785,0.0116494643030967,0.01385659829320017,0.01384996158832695,0.015453864077729973,0.015434989074084023,0.015188618688614262,0.01515883883471078,0.01484870623006686,0.015812967893096226,0.014471275548844793,0.015042154109474942,0.013689031399721647,0.014905764112093968,0.013799718387795088,0.014729486171213854,0.017511205761386837,0.017468790911727816,0.018068427753597585
2018-10-29,0.01384996158832695,0.015453864077729973,0.015434989074084023,0.015188618688614262,0.01515883883471078,0.01484870623006686,0.015812967893096226,0.014471275548844793,0.015042154109474942,0.013689031399721647,0.014905764112093968,0.013799718387795088,0.014729486171213854,0.017511205761386837,0.017468790911727816,0.018068427753597585,0.016747969647404957,0.01515400770599876,0.015790062468462294,0.015982338213939,0.01326921611028874
2018-10-30,0.015453864077729973,0.015434989074084023,0.015188618688614262,0.01515883883471078,0.01484870623006686,0.015812967893096226,0.014471275548844793,0.015042154109474942,0.013689031399721647,0.014905764112093968,0.013799718387795088,0.014729486171213854,0.017511205761386837,0.017468790911727816,0.018068427753597585,0.016747969647404957,0.01515400770599876,0.015790062468462294,0.015982338213939,0.01326921611028874,0.013384336660442692
2018-11-01,0.015188618688614262,0.01515883883471078,0.01484870623006686,0.015812967893096226,0.014471275548844793,0.015042154109474942,0.013689031399721647,0.014905764112093968,0.013799718387795088,0.014729486171213854,0.017511205761386837,0.017468790911727816,0.018068427753597585,0.016747969647404957,0.01515400770599876,0.015790062468462294,0.015982338213939,0.01326921611028874,0.013384336660442692,0.01361978219733976,0.011245431332152467
2018-11-02,0.01515883883471078,0.01484870623006686,0.015812967893096226,0.014471275548844793,0.015042154109474942,0.013689031399721647,0.014905764112093968,0.013799718387795088,0.014729486171213854,0.017511205761386837,0.017468790911727816,0.018068427753597585,0.016747969647404957,0.01515400770599876,0.015790062468462294,0.015982338213939,0.01326921611028874,0.013384336660442692,0.01361978219733976,0.011245431332152467,0.011200443768179004
2018-11-07,0.014471275548844793,0.015042154109474942,0.013689031399721647,0.014905764112093968,0.013799718387795088,0.014729486171213854,0.017511205761386837,0.017468790911727816,0.018068427753597585,0.016747969647404957,0.01515400770599876,0.015790062468462294,0.015982338213939,0.01326921611028874,0.013384336660442692,0.01361978219733976,0.011245431332152467,0.011200443768179004,0.011506257642064581,0.01239036366251114,0.010236565502960428
2018-11-12,0.014905764112093968,0.013799718387795088,0.014729486171213854,0.017511205761386837,0.017468790911727816,0.018068427753597585,0.016747969647404957,0.01515400770599876,0.015790062468462294,0.015982338213939,0.01326921611028874,0.013384336660442692,0.01361978219733976,0.011245431332152467,0.011200443768179004,0.011506257642064581,0.01239036366251114,0.010236565502960428,0.010069479091337045,0.009905728742791475,0.011041504332888924
2018-11-21,0.01515400770599876,0.015790062468462294,0.015982338213939,0.01326921611028874,0.013384336660442692,0.01361978219733976,0.011245431332152467,0.011200443768179004,0.011506257642064581,0.01239036366251114,0.010236565502960428,0.010069479091337045,0.009905728742791475,0.011041504332888924,0.012274959832837369,0.01234230893942473,0.01243074939648736,0.012616496303526238,0.013016818785950048,0.011408657476935978,0.013490499167930286
2018-12-12,0.011041504332888924,0.012274959832837369,0.01234230893942473,0.01243074939648736,0.012616496303526238,0.013016818785950048,0.011408657476935978,0.013490499167930286,0.013472913049993943,0.013313886663562447,0.013007139858108738,0.01142238711421054,0.011501842250220265,0.013330895393468208,0.012083199078165551,0.012010030471623417,0.01205972576267259,0.011818836506705234,0.011593723401846272,0.016429743116433537,0.014990239788177628
2019-01-03,0.012083199078165551,0.012010030471623417,0.01205972576267259,0.011818836506705234,0.011593723401846272,0.016429743116433537,0.014990239788177628,0.015057274667293423,0.01518855121189147,0.013876507041034701,0.014006451628989286,0.016630433402640393,0.01602108436405698,0.013120522538263592,0.012627591097090227,0.01041663416135354,0.00959547708223737,0.010267221203059415,0.011025696157050456,0.011057366682770079,0.010082913955601553
2019-01-07,0.01205972576267259,0.011818836506705234,0.011593723401846272,0.016429743116433537,0.014990239788177628,0.015057274667293423,0.01518855121189147,0.013876507041034701,0.014006451628989286,0.016630433402640393,0.01602108436405698,0.013120522538263592,0.012627591097090227,0.01041663416135354,0.00959547708223737,0.010267221203059415,0.011025696157050456,0.011057366682770079,0.010082913955601553,0.00699599389120206,0.008794345354020513
2019-01-18,0.016630433402640393,0.01602108436405698,0.013120522538263592,0.012627591097090227,0.01041663416135354,0.00959547708223737,0.010267221203059415,0.011025696157050456,0.011057366682770079,0.010082913955601553,0.00699599389120206,0.008794345354020513,0.008879427620351387,0.01066786251277121,0.010432619349492186,0.010831979430189072,0.010739181708247806,0.010127408557562136,0.010792182645080714,0.010608563822188782,0.010603930640988243
2019-01-28,0.00959547708223737,0.010267221203059415,0.011025696157050456,0.011057366682770079,0.010082913955601553,0.00699599389120206,0.008794345354020513,0.008879427620351387,0.01066786251277121,0.010432619349492186,0.010831979430189072,0.010739181708247806,0.010127408557562136,0.010792182645080714,0.010608563822188782,0.010603930640988243,0.008453729940812742,0.009353158919678698,0.008780619701997595,0.00878711808034379,0.008608860277754931
2019-02-08,0.010432619349492186,0.010831979430189072,0.010739181708247806,0.010127408557562136,0.010792182645080714,0.010608563822188782,0.010603930640988243,0.008453729940812742,0.009353158919678698,0.008780619701997595,0.00878711808034379,0.008608860277754931,0.008400705761472355,0.008325612380158205,0.0068305846236065065,0.0070688818210646355,0.007280540547815979,0.007312937238769202,0.0070632912893081835,0.00585813695836932,0.0054687191810721455
2019-02-12,0.010739181708247806,0.010127408557562136,0.010792182645080714,0.010608563822188782,0.010603930640988243,0.008453729940812742,0.009353158919678698,0.008780619701997595,0.00878711808034379,0.008608860277754931,0.008400705761472355,0.008325612380158205,0.0068305846236065065,0.0070688818210646355,0.007280540547815979,0.007312937238769202,0.0070632912893081835,0.00585813695836932,0.0054687191810721455,0.0053217924150043925,0.006057749342314756
2019-02-14,0.010792182645080714,0.010608563822188782,0.010603930640988243,0.008453729940812742,0.009353158919678698,0.008780619701997595,0.00878711808034379,0.008608860277754931,0.008400705761472355,0.008325612380158205,0.0068305846236065065,0.0070688818210646355,0.007280540547815979,0.007312937238769202,0.0070632912893081835,0.00585813695836932,0.0054687191810721455,0.0053217924150043925,0.006057749342314756,0.006623912855535878,0.006051441229490019
2019-02-21,0.009353158919678698,0.008780619701997595,0.00878711808034379,0.008608860277754931,0.008400705761472355,0.008325612380158205,0.0068305846236065065,0.0070688818210646355,0.007280540547815979,0.007312937238769202,0.0070632912893081835,0.00585813695836932,0.0054687191810721455,0.0053217924150043925,0.006057749342314756,0.006623912855535878,0.006051441229490019,0.0058332087180790896,0.005823652888425889,0.007220637721874049,0.00825785123611749
2019-02-27,0.008400705761472355,0.008325612380158205,0.0068305846236065065,0.0070688818210646355,0.007280540547815979,0.007312937238769202,0.0070632912893081835,0.00585813695836932,0.0054687191810721455,0.0053217924150043925,0.006057749342314756,0.006623912855535878,0.006051441229490019,0.0058332087180790896,0.005823652888425889,0.007220637721874049,0.00825785123611749,0.007318502234641619,0.010850105919339695,0.011205781552048572,0.011210874380166644
2019-03-07,0.0070632912893081835,0.00585813695836932,0.0054687191810721455,0.0053217924150043925,0.006057749342314756,0.006623912855535878,0.006051441229490019,0.0058332087180790896,0.005823652888425889,0.007220637721874049,0.00825785123611749,0.007318502234641619,0.010850105919339695,0.011205781552048572,0.011210874380166644,0.011135917262738148,0.011116360149026543,0.011453966514346828,0.011520394093357204,0.010445042132815018,0.009998540617032342
2019-04-03,0.010445042132815018,0.009998540617032342,0.012327438701803748,0.009767203533279532,0.009671919751955435,0.009386648846879168,0.010496274145197299,0.010624759552319132,0.010521598214279351,0.010507766102380358,0.010233168487248733,0.00965869357477897,0.006726284464628929,0.0066131704524976746,0.007489953086917282,0.00643094720952005,0.007532798479071538,0.0076999038143894345,0.00752018023637853,0.007566594806087488,0.00761728518140609
2019-04-04,0.009998540617032342,0.012327438701803748,0.009767203533279532,0.009671919751955435,0.009386648846879168,0.010496274145197299,0.010624759552319132,0.010521598214279351,0.010507766102380358,0.010233168487248733,0.00965869357477897,0.006726284464628929,0.0066131704524976746,0.007489953086917282,0.00643094720952005,0.007532798479071538,0.0076999038143894345,0.00752018023637853,0.007566594806087488,0.00761728518140609,0.007488440330466115
2019-04-09,0.009671919751955435,0.009386648846879168,0.010496274145197299,0.010624759552319132,0.010521598214279351,0.010507766102380358,0.010233168487248733,0.00965869357477897,0.006726284464628929,0.0066131704524976746,0.007489953086917282,0.00643094720952005,0.007532798479071538,0.0076999038143894345,0.00752018023637853,0.007566594806087488,0.00761728518140609,0.007488440330466115,0.006464534613373577,0.007024609215246892,0.0067936794607824655
2019-04-11,0.010496274145197299,0.010624759552319132,0.010521598214279351,0.010507766102380358,0.010233168487248733,0.00965869357477897,0.006726284464628929,0.0066131704524976746,0.007489953086917282,0.00643094720952005,0.007532798479071538,0.0076999038143894345,0.00752018023637853,0.007566594806087488,0.00761728518140609,0.007488440330466115,0.006464534613373577,0.007024609215246892,0.0067936794607824655,0.005791691989602887,0.00474740374881831
2019-04-26,0.007532798479071538,0.0076999038143894345,0.00752018023637853,0.007566594806087488,0.00761728518140609,0.007488440330466115,0.006464534613373577,0.007024609215246892,0.0067936794607824655,0.005791691989602887,0.00474740374881831,0.004658358716348676,0.00431379746520198,0.004537128081863764,0.004513615830262475,0.0065214393515640135,0.008459885134252438,0.008148659220510052,0.00809886805266798,0.008378666214687745,0.008817496896480577
2019-05-02,0.00761728518140609,0.007488440330466115,0.006464534613373577,0.007024609215246892,0.0067936794607824655,0.005791691989602887,0.00474740374881831,0.004658358716348676,0.00431379746520198,0.004537128081863764,0.004513615830262475,0.0065214393515640135,0.008459885134252438,0.008148659220510052,0.00809886805266798,0.008378666214687745,0.008817496896480577,0.012434969376787647,0.013088795550762452,0.013150843346889585,0.013452407525348589
2019-07-10,0.009694004945243822,0.009378069034293373,0.009194271507245416,0.008574868608920814,0.008202688781587258,0.006754326111409156,0.007073198523452748,0.005981160876005604,0.005747255547587722,0.005747255547587722,0.003771187223245767,0.004095442031227104,0.00420152077835507,0.0043888296528234085,0.00377632680991334,0.0038575573805169376,0.003177393593110919,0.003385261769677238,0.003517198255912476,0.004225875598227728,0.00427679719301737
2019-08-01,0.003177393593110919,0.003385261769677238,0.003517198255912476,0.004225875598227728,0.00427679719301737,0.004547691762633344,0.004437641613425235,0.004368015834001687,0.005639795263069752,0.006399241478536279,0.005997370114222947,0.00596964293075947,0.012853081061481654,0.013938677573993622,0.01645909687059473,0.01726424012306285,0.017408929797496215,0.017702730225106187,0.017356804713308954,0.01939270861712177,0.01943749061973802
2019-08-12,0.004368015834001687,0.005639795263069752,0.006399241478536279,0.005997370114222947,0.00596964293075947,0.012853081061481654,0.013938677573993622,0.01645909687059473,0.01726424012306285,0.017408929797496215,0.017702730225106187,0.017356804713308954,0.01939270861712177,0.01943749061973802,0.020097575554168804,0.015529824685934265,0.015299141379891355,0.013917299159696372,0.013287476051800647,0.015251873472291013,0.01651638056856442
2019-09-03,0.015529824685934265,0.015299141379891355,0.013917299159696372,0.013287476051800647,0.015251873472291013,0.01651638056856442,0.016306827943954685,0.013829887643689429,0.0136743453614388,0.013028554780395335,0.012611093669507361,0.013387874866526603,0.012606133904272447,0.012436464967441352,0.00917246870479821,0.007352879897735623,0.007992207748496646,0.008263549142841631,0.00808728905201771,0.008068442166573224,0.008447072851471055
2019-09-10,0.01651638056856442,0.016306827943954685,0.013829887643689429,0.0136743453614388,0.013028554780395335,0.012611093669507361,0.013387874866526603,0.012606133904272447,0.012436464967441352,0.00917246870479821,0.007352879897735623,0.007992207748496646,0.008263549142841631,0.00808728905201771,0.008068442166573224,0.008447072851471055,0.007291455827237651,0.008838025576729625,0.007979429357562268,0.008050410159841058,0.008553101085741822
2019-10-03,0.008838025576729625,0.007979429357562268,0.008050410159841058,0.008553101085741822,0.008011007055730528,0.008469125388160954,0.01103753132858051,0.011115005896931493,0.010226115226616105,0.011002598607491164,0.009857193591949765,0.013307099168291711,0.013330270880900353,0.013254740691498406,0.013603495241167503,0.013373379343023076,0.01114637658975233,0.011147423091483791,0.01170560443641222,0.010306207049346037,0.009908379503360503
2019-10-11,0.01103753132858051,0.011115005896931493,0.010226115226616105,0.011002598607491164,0.009857193591949765,0.013307099168291711,0.013330270880900353,0.013254740691498406,0.013603495241167503,0.013373379343023076,0.01114637658975233,0.011147423091483791,0.01170560443641222,0.010306207049346037,0.009908379503360503,0.006507045487199805,0.0073962357821457285,0.008449916430317572,0.008098463218950218,0.00809864242364616,0.008035153719950214
2019-10-15,0.010226115226616105,0.011002598607491164,0.009857193591949765,0.013307099168291711,0.013330270880900353,0.013254740691498406,0.013603495241167503,0.013373379343023076,0.01114637658975233,0.011147423091483791,0.01170560443641222,0.010306207049346037,0.009908379503360503,0.006507045487199805,0.0073962357821457285,0.008449916430317572,0.008098463218950218,0.00809864242364616,0.008035153719950214,0.008259452347588186,0.007546451169055699
2019-12-13,0.008377152021709662,0.008367583508373305,0.007708771870457457,0.007708813749896255,0.006716790676108416,0.0067381536038844374,0.0071944035531906455,0.00643111945169402,0.007424701818741563,0.006839792880657374,0.006849153983231133,0.008561417316549011,0.008539039693762013,0.008782286615782368,0.008408093184570049,0.008279059681443544,0.0076990042102235605,0.006435384371124581,0.005806493411990754,0.006418037556663918,0.00710760026339926
2019-12-17,0.007708771870457457,0.007708813749896255,0.006716790676108416,0.0067381536038844374,0.0071944035531906455,0.00643111945169402,0.007424701818741563,0.006839792880657374,0.006849153983231133,0.008561417316549011,0.008539039693762013,0.008782286615782368,0.008408093184570049,0.008279059681443544,0.0076990042102235605,0.006435384371124581,0.005806493411990754,0.006418037556663918,0.00710760026339926,0.004023291226005805,0.005822805385476991
2019-12-30,0.006849153983231133,0.008561417316549011,0.008539039693762013,0.008782286615782368,0.008408093184570049,0.008279059681443544,0.0076990042102235605,0.006435384371124581,0.005806493411990754,0.006418037556663918,0.00710760026339926,0.004023291226005805,0.005822805385476991,0.006202269539799416,0.006414879572225403,0.006531482376622189,0.00669122712454938,0.006684365523881777,0.006510481422775799,0.007576299029581558,0.0071482383837318825
2020-02-24,0.01775138709536993,0.015191041897513212,0.015902168624239855,0.016669144778664182,0.016107099555122555,0.014265210334369883,0.014315817453186701,0.01908736303718701,0.019109121722464033,0.01998917744071552,0.023959820772878386,0.026285193645011085,0.02553649112872957,0.02683252455484509,0.02691353635885792,0.027380188399310522,0.02755609423362328,0.023790088194698123,0.023342355348477343,0.024446082018510458,0.04222538574126457
2020-03-12,0.02683252455484509,0.02691353635885792,0.027380188399310522,0.02755609423362328,0.023790088194698123,0.023342355348477343,0.024446082018510458,0.04222538574126457,0.04399886780968597,0.04673543185830028,0.05993620102509215,0.06466870523141516,0.07090381403726029,0.0784878411408772,0.07805306307296415,0.08039185220746733,0.08136151871114365,0.076243985075332,0.08688234902739479,0.08814209846350365,0.07686957254404977
2020-03-16,0.027380188399310522,0.02755609423362328,0.023790088194698123,0.023342355348477343,0.024446082018510458,0.04222538574126457,0.04399886780968597,0.04673543185830028,0.05993620102509215,0.06466870523141516,0.07090381403726029,0.0784878411408772,0.07805306307296415,0.08039185220746733,0.08136151871114365,0.076243985075332,0.08688234902739479,0.08814209846350365,0.07686957254404977,0.0778912316932592,0.06520372706104767
2020-03-17,0.02755609423362328,0.023790088194698123,0.023342355348477343,0.024446082018510458,0.04222538574126457,0.04399886780968597,0.04673543185830028,0.05993620102509215,0.06466870523141516,0.07090381403726029,0.0784878411408772,0.07805306307296415,0.08039185220746733,0.08136151871114365,0.076243985075332,0.08688234902739479,0.08814209846350365,0.07686957254404977,0.0778912316932592,0.06520372706104767,0.06080935699446388
2020-03-18,0.023790088194698123,0.023342355348477343,0.024446082018510458,0.04222538574126457,0.04399886780968597,0.04673543185830028,0.05993620102509215,0.06466870523141516,0.07090381403726029,0.0784878411408772,0.07805306307296415,0.08039185220746733,0.08136151871114365,0.076243985075332,0.08688234902739479,0.08814209846350365,0.07686957254404977,0.0778912316932592,0.06520372706104767,0.06080935699446388,0.04997420819845748
2020-03-19,0.023342355348477343,0.024446082018510458,0.04222538574126457,0.04399886780968597,0.04673543185830028,0.05993620102509215,0.06466870523141516,0.07090381403726029,0.0784878411408772,0.07805306307296415,0.08039185220746733,0.08136151871114365,0.076243985075332,0.08688234902739479,0.08814209846350365,0.07686957254404977,0.0778912316932592,0.06520372706104767,0.06080935699446388,0.04997420819845748,0.049685109739050194
2020-03-23,0.04222538574126457,0.04399886780968597,0.04673543185830028,0.05993620102509215,0.06466870523141516,0.07090381403726029,0.0784878411408772,0.07805306307296415,0.08039185220746733,0.08136151871114365,0.076243985075332,0.08688234902739479,0.08814209846350365,0.07686957254404977,0.0778912316932592,0.06520372706104767,0.06080935699446388,0.04997420819845748,0.049685109739050194,0.04983428090089201,0.049924038853227014
2020-03-24,0.04399886780968597,0.04673543185830028,0.05993620102509215,0.06466870523141516,0.07090381403726029,0.0784878411408772,0.07805306307296415,0.08039185220746733,0.08136151871114365,0.076243985075332,0.08688234902739479,0.08814209846350365,0.07686957254404977,0.0778912316932592,0.06520372706104767,0.06080935699446388,0.04997420819845748,0.049685109739050194,0.04983428090089201,0.049924038853227014,0.038398281164832244
2020-03-27,0.06466870523141516,0.07090381403726029,0.0784878411408772,0.07805306307296415,0.08039185220746733,0.08136151871114365,0.076243985075332,0.08688234902739479,0.08814209846350365,0.07686957254404977,0.0778912316932592,0.06520372706104767,0.06080935699446388,0.04997420819845748,0.049685109739050194,0.04983428090089201,0.049924038853227014,0.038398281164832244,0.03652367556821238,0.035355431263067644,0.02727199576478961
2020-03-31,0.0784878411408772,0.07805306307296415,0.08039185220746733,0.08136151871114365,0.076243985075332,0.08688234902739479,0.08814209846350365,0.07686957254404977,0.0778912316932592,0.06520372706104767,0.06080935699446388,0.04997420819845748,0.049685109739050194,0.04983428090089201,0.049924038853227014,0.038398281164832244,0.03652367556821238,0.035355431263067644,0.02727199576478961,0.027349406079618208,0.030406535809351362
2020-04-02,0.08039185220746733,0.08136151871114365,0.076243985075332,0.08688234902739479,0.08814209846350365,0.07686957254404977,0.0778912316932592,0.06520372706104767,0.06080935699446388,0.04997420819845748,0.049685109739050194,0.04983428090089201,0.049924038853227014,0.038398281164832244,0.03652367556821238,0.035355431263067644,0.02727199576478961,0.027349406079618208,0.030406535809351362,0.02623012825777428,0.02669814078203121
2020-04-06,0.076243985075332,0.08688234902739479,0.08814209846350365,0.07686957254404977,0.0778912316932592,0.06520372706104767,0.06080935699446388,0.04997420819845748,0.049685109739050194,0.04983428090089201,0.049924038853227014,0.038398281164832244,0.03652367556821238,0.035355431263067644,0.02727199576478961,0.027349406079618208,0.030406535809351362,0.02623012825777428,0.02669814078203121,0.027245666967605445,0.02377952152753514
2020-04-14,0.06520372706104767,0.06080935699446388,0.04997420819845748,0.049685109739050194,0.04983428090089201,0.049924038853227014,0.038398281164832244,0.03652367556821238,0.035355431263067644,0.02727199576478961,0.027349406079618208,0.030406535809351362,0.02623012825777428,0.02669814078203121,0.027245666967605445,0.02377952152753514,0.024276580799617684,0.022532196214093206,0.021611440638899224,0.022843899382873005,0.02317588949809606
2020-04-16,0.04997420819845748,0.049685109739050194,0.04983428090089201,0.049924038853227014,0.038398281164832244,0.03652367556821238,0.035355431263067644,0.02727199576478961,0.027349406079618208,0.030406535809351362,0.02623012825777428,0.02669814078203121,0.027245666967605445,0.02377952152753514,0.024276580799617684,0.022532196214093206,0.021611440638899224,0.022843899382873005,0.02317588949809606,0.02322818302203605,0.025661762172126974
2020-04-21,0.049924038853227014,0.038398281164832244,0.03652367556821238,0.035355431263067644,0.02727199576478961,0.027349406079618208,0.030406535809351362,0.02623012825777428,0.02669814078203121,0.027245666967605445,0.02377952152753514,0.024276580799617684,0.022532196214093206,0.021611440638899224,0.022843899382873005,0.02317588949809606,0.02322818302203605,0.025661762172126974,0.027189240020920265,0.026911178809630835,0.023808313580923907
2020-05-18,0.026911178809630835,0.023808313580923907,0.022921462996672914,0.023043278321233228,0.02376484171065887,0.02337166841723911,0.0233434245607617,0.021555538115733013,0.019825345404418767,0.015707956124625097,0.022601354699972914,0.022970654863137274,0.02314673253055647,0.023518090170109897,0.02226364396689424,0.024833399929855986,0.024414689608373803,0.022340372970000674,0.022577163235412222,0.022004626412263573,0.015934220135109787
2020-05-20,0.022921462996672914,0.023043278321233228,0.02376484171065887,0.02337166841723911,0.0233434245607617,0.021555538115733013,0.019825345404418767,0.015707956124625097,0.022601354699972914,0.022970654863137274,0.02314673253055647,0.023518090170109897,0.02226364396689424,0.024833399929855986,0.024414689608373803,0.022340372970000674,0.022577163235412222,0.022004626412263573,0.015934220135109787,0.015441791655619548,0.015431674764832294
2020-06-02,0.022601354699972914,0.022970654863137274,0.02314673253055647,0.023518090170109897,0.02226364396689424,0.024833399929855986,0.024414689608373803,0.022340372970000674,0.022577163235412222,0.022004626412263573,0.015934220135109787,0.015441791655619548,0.015431674764832294,0.01502349875599669,0.014066577610656458,0.014687622715123992,0.015292234290980668,0.028286518345651233,0.028589131171802666,0.028649762676262278,0.0288871755814315
2020-06-05,0.023518090170109897,0.02226364396689424,0.024833399929855986,0.024414689608373803,0.022340372970000674,0.022577163235412222,0.022004626412263573,0.015934220135109787,0.015441791655619548,0.015431674764832294,0.01502349875599669,0.014066577610656458,0.014687622715123992,0.015292234290980668,0.028286518345651233,0.028589131171802666,0.028649762676262278,0.0288871755814315,0.029482973903598744,0.0296049474841479,0.028944258033413193
2020-06-18,0.015431674764832294,0.01502349875599669,0.014066577610656458,0.014687622715123992,0.015292234290980668,0.028286518345651233,0.028589131171802666,0.028649762676262278,0.0288871755814315,0.029482973903598744,0.0296049474841479,0.028944258033413193,0.02720508066587833,0.027148765829199024,0.027546460667516277,0.014173253296338947,0.01586319812685842,0.017966472982952255,0.01762022477282298,0.016303258194042915,0.016596797947285077
2020-06-29,0.028649762676262278,0.0288871755814315,0.029482973903598744,0.0296049474841479,0.028944258033413193,0.02720508066587833,0.027148765829199024,0.027546460667516277,0.014173253296338947,0.01586319812685842,0.017966472982952255,0.01762022477282298,0.016303258194042915,0.016596797947285077,0.01957732182228652,0.019942828144382405,0.021500014868608704,0.021054041148562394,0.02109114966150816,0.018556665931735286,0.018091569448680914
2020-07-06,0.028944258033413193,0.02720508066587833,0.027148765829199024,0.027546460667516277,0.014173253296338947,0.01586319812685842,0.017966472982952255,0.01762022477282298,0.016303258194042915,0.016596797947285077,0.01957732182228652,0.019942828144382405,0.021500014868608704,0.021054041148562394,0.02109114966150816,0.018556665931735286,0.018091569448680914,0.018456396021274624,0.019462126302008616,0.01952971099841805,0.017211131872379062
2020-07-16,0.016303258194042915,0.016596797947285077,0.01957732182228652,0.019942828144382405,0.021500014868608704,0.021054041148562394,0.02109114966150816,0.018556665931735286,0.018091569448680914,0.018456396021274624,0.019462126302008616,0.01952971099841805,0.017211131872379062,0.016769680476639074,0.014573057518139122,0.013109135536749176,0.015382098434725936,0.014485661809782658,0.016576544293169487,0.015334938647788234,0.014914231570676577
2020-07-20,0.01957732182228652,0.019942828144382405,0.021500014868608704,0.021054041148562394,0.02109114966150816,0.018556665931735286,0.018091569448680914,0.018456396021274624,0.019462126302008616,0.01952971099841805,0.017211131872379062,0.016769680476639074,0.014573057518139122,0.013109135536749176,0.015382098434725936,0.014485661809782658,0.016576544293169487,0.015334938647788234,0.014914231570676577,0.014526800371570895,0.015377205228827505
2020-07-27,0.018556665931735286,0.018091569448680914,0.018456396021274624,0.019462126302008616,0.01952971099841805,0.017211131872379062,0.016769680476639074,0.014573057518139122,0.013109135536749176,0.015382098434725936,0.014485661809782658,0.016576544293169487,0.015334938647788234,0.014914231570676577,0.014526800371570895,0.015377205228827505,0.0177877815770106,0.018975616713956173,0.0189564976890456,0.016926887994381728,0.016599183574388693
2020-08-24,0.016599183574388693,0.014721698082982836,0.01488389378034336,0.014901754029731373,0.014970754081974064,0.014287052211564163,0.012479982061071877,0.010762538290615698,0.011402437413756147,0.010843767260661287,0.011268830045646062,0.010389351937947443,0.010003320532682233,0.009487835350676849,0.010270164004104344,0.010551126466441694,0.011094840472796758,0.011557733396073848,0.024938837603181413,0.02515294639237733,0.02472750888621482
2020-08-25,0.014721698082982836,0.01488389378034336,0.014901754029731373,0.014970754081974064,0.014287052211564163,0.012479982061071877,0.010762538290615698,0.011402437413756147,0.010843767260661287,0.011268830045646062,0.010389351937947443,0.010003320532682233,0.009487835350676849,0.010270164004104344,0.010551126466441694,0.011094840472796758,0.011557733396073848,0.024938837603181413,0.02515294639237733,0.02472750888621482,0.026291227215449794
2020-09-04,0.010843767260661287,0.011268830045646062,0.010389351937947443,0.010003320532682233,0.009487835350676849,0.010270164004104344,0.010551126466441694,0.011094840472796758,0.011557733396073848,0.024938837603181413,0.02515294639237733,0.02472750888621482,0.026291227215449794,0.0270780506160309,0.027098707056616315,0.027684196605506983,0.028571093501231194,0.02806004420035276,0.028565985120348508,0.019057367132244655,0.018906648611718452
2020-09-10,0.010003320532682233,0.009487835350676849,0.010270164004104344,0.010551126466441694,0.011094840472796758,0.011557733396073848,0.024938837603181413,0.02515294639237733,0.02472750888621482,0.026291227215449794,0.0270780506160309,0.027098707056616315,0.027684196605506983,0.028571093501231194,0.02806004420035276,0.028565985120348508,0.019057367132244655,0.018906648611718452,0.018673064921477706,0.015635180908661398,0.013715422587599209
2020-09-14,0.010270164004104344,0.010551126466441694,0.011094840472796758,0.011557733396073848,0.024938837603181413,0.02515294639237733,0.02472750888621482,0.026291227215449794,0.0270780506160309,0.027098707056616315,0.027684196605506983,0.028571093501231194,0.02806004420035276,0.028565985120348508,0.019057367132244655,0.018906648611718452,0.018673064921477706,0.015635180908661398,0.013715422587599209,0.015080120879400147,0.018558751872744694
2020-09-17,0.011557733396073848,0.024938837603181413,0.02515294639237733,0.02472750888621482,0.026291227215449794,0.0270780506160309,0.027098707056616315,0.027684196605506983,0.028571093501231194,0.02806004420035276,0.028565985120348508,0.019057367132244655,0.018906648611718452,0.018673064921477706,0.015635180908661398,0.013715422587599209,0.015080120879400147,0.018558751872744694,0.01898601544792504,0.020235123418533105,0.019057467631622707
2020-09-21,0.02515294639237733,0.02472750888621482,0.026291227215449794,0.0270780506160309,0.027098707056616315,0.027684196605506983,0.028571093501231194,0.02806004420035276,0.028565985120348508,0.019057367132244655,0.018906648611718452,0.018673064921477706,0.015635180908661398,0.013715422587599209,0.015080120879400147,0.018558751872744694,0.01898601544792504,0.020235123418533105,0.019057467631622707,0.01900246114513776,0.019683361876307003
2020-09-22,0.02472750888621482,0.026291227215449794,0.0270780506160309,0.027098707056616315,0.027684196605506983,0.028571093501231194,0.02806004420035276,0.028565985120348508,0.019057367132244655,0.018906648611718452,0.018673064921477706,0.015635180908661398,0.013715422587599209,0.015080120879400147,0.018558751872744694,0.01898601544792504,0.020235123418533105,0.019057467631622707,0.01900246114513776,0.019683361876307003,0.019572682771068467
2020-09-23,0.026291227215449794,0.0270780506160309,0.027098707056616315,0.027684196605506983,0.028571093501231194,0.02806004420035276,0.028565985120348508,0.019057367132244655,0.018906648611718452,0.018673064921477706,0.015635180908661398,0.013715422587599209,0.015080120879400147,0.018558751872744694,0.01898601544792504,0.020235123418533105,0.019057467631622707,0.01900246114513776,0.019683361876307003,0.019572682771068467,0.01898394013372126
2020-09-28,0.027684196605506983,0.028571093501231194,0.02806004420035276,0.028565985120348508,0.019057367132244655,0.018906648611718452,0.018673064921477706,0.015635180908661398,0.013715422587599209,0.015080120879400147,0.018558751872744694,0.01898601544792504,0.020235123418533105,0.019057467631622707,0.01900246114513776,0.019683361876307003,0.019572682771068467,0.01898394013372126,0.018344057221600138,0.01856172772201655,0.0218561631933591
2020-10-23,0.01856172772201655,0.0218561631933591,0.02269125462368052,0.022235221820663415,0.022086274199729364,0.02230668215745158,0.018925456346482357,0.01960636938141763,0.018764363280247484,0.018733307977872343,0.017635091526753112,0.017655686076742526,0.017644117112763497,0.016628919747601098,0.019053712462969805,0.019074766685704007,0.020547811942292084,0.019634031094425495,0.014399577435828495,0.02627255071377304,0.026263956209656863
2020-10-26,0.0218561631933591,0.02269125462368052,0.022235221820663415,0.022086274199729364,0.02230668215745158,0.018925456346482357,0.01960636938141763,0.018764363280247484,0.018733307977872343,0.017635091526753112,0.017655686076742526,0.017644117112763497,0.016628919747601098,0.019053712462969805,0.019074766685704007,0.020547811942292084,0.019634031094425495,0.014399577435828495,0.02627255071377304,0.026263956209656863,0.024605552547669076
2020-10-28,0.022235221820663415,0.022086274199729364,0.02230668215745158,0.018925456346482357,0.01960636938141763,0.018764363280247484,0.018733307977872343,0.017635091526753112,0.017655686076742526,0.017644117112763497,0.016628919747601098,0.019053712462969805,0.019074766685704007,0.020547811942292084,0.019634031094425495,0.014399577435828495,0.02627255071377304,0.026263956209656863,0.024605552547669076,0.025236333026715685,0.024885113776941727
2020-11-16,0.020547811942292084,0.019634031094425495,0.014399577435828495,0.02627255071377304,0.026263956209656863,0.024605552547669076,0.025236333026715685,0.024885113776941727,0.025737717232402396,0.024974473825420382,0.024881380776884374,0.024958309136712806,0.025129799572627343,0.014235390702367724,0.014437307691784881,0.015270145544909521,0.013793534005828632,0.0115404945326647,0.01009883510365153,0.0106676798756797,0.012018404504290196
2021-01-15,0.013584267955695228,0.013378043738032789,0.013706890107825869,0.02278002329837313,0.026351233751665155,0.027775233940979954,0.031929002497230595,0.03185927548136932,0.030920709350076816,0.03180513174120244,0.03844363913663389,0.03887278649774807,0.03881647497799345,0.03474148981239945,0.028279578865646724,0.028454643728951956,0.026343908118191896,0.03295269226692156,0.034109155108230316,0.035255512701608704,0.032080797669241726
2021-02-02,0.03887278649774807,0.03881647497799345,0.03474148981239945,0.028279578865646724,0.028454643728951956,0.026343908118191896,0.03295269226692156,0.034109155108230316,0.035255512701608704,0.032080797669241726,0.030924633938220952,0.03152131005985067,0.02779827306706886,0.02780246100309288,0.028051736315605813,0.028027261596825757,0.018527849067492767,0.017199415646315372,0.014622933463017516,0.013169532137842119,0.01317476069004902
2021-02-03,0.03881647497799345,0.03474148981239945,0.028279578865646724,0.028454643728951956,0.026343908118191896,0.03295269226692156,0.034109155108230316,0.035255512701608704,0.032080797669241726,0.030924633938220952,0.03152131005985067,0.02779827306706886,0.02780246100309288,0.028051736315605813,0.028027261596825757,0.018527849067492767,0.017199415646315372,0.014622933463017516,0.013169532137842119,0.01317476069004902,0.018145275671503168
2021-05-18,0.02125541244347456,0.019594105525096137,0.016370898536868527,0.0162368067560879,0.016336128235714887,0.016836894003492517,0.017977543793252046,0.01892386820878861,0.02471023731475763,0.024603608853836584,0.022347241633340894,0.022506579354448653,0.023230337133666967,0.022713562298482367,0.019614856099572368,0.019771126728963192,0.01416534334908005,0.014459942453255777,0.010285206060037173,0.009314181238812664,0.010777242701454868
2021-05-19,0.019594105525096137,0.016370898536868527,0.0162368067560879,0.016336128235714887,0.016836894003492517,0.017977543793252046,0.01892386820878861,0.02471023731475763,0.024603608853836584,0.022347241633340894,0.022506579354448653,0.023230337133666967,0.022713562298482367,0.019614856099572368,0.019771126728963192,0.01416534334908005,0.014459942453255777,0.010285206060037173,0.009314181238812664,0.010777242701454868,0.012561526686980153
2021-05-20,0.016370898536868527,0.0162368067560879,0.016336128235714887,0.016836894003492517,0.017977543793252046,0.01892386820878861,0.02471023731475763,0.024603608853836584,0.022347241633340894,0.022506579354448653,0.023230337133666967,0.022713562298482367,0.019614856099572368,0.019771126728963192,0.01416534334908005,0.014459942453255777,0.010285206060037173,0.009314181238812664,0.010777242701454868,0.012561526686980153,0.009823800618079786
2021-07-06,0.009674423695187314,0.010033523672140218,0.009712195579801982,0.009783305580134669,0.009583888208807944,0.01193495566069978,0.010682401206775527,0.012464239060412172,0.012439256087186068,0.01052887402413706,0.010384705116768323,0.010432239379376174,0.012268551063815292,0.012148451156682573,0.012595004588110085,0.009933821261641879,0.01178242960035548,0.012370823405825732,0.011988674417260831,0.011899111851329837,0.012339148857424221
2021-07-12,0.009583888208807944,0.01193495566069978,0.010682401206775527,0.012464239060412172,0.012439256087186068,0.01052887402413706,0.010384705116768323,0.010432239379376174,0.012268551063815292,0.012148451156682573,0.012595004588110085,0.009933821261641879,0.01178242960035548,0.012370823405825732,0.011988674417260831,0.011899111851329837,0.012339148857424221,0.01717854733519006,0.01641763973890577,0.01679331638126128,0.016046741866717115
2021-07-26,0.012595004588110085,0.009933821261641879,0.01178242960035548,0.012370823405825732,0.011988674417260831,0.011899111851329837,0.012339148857424221,0.01717854733519006,0.01641763973890577,0.01679331638126128,0.016046741866717115,0.015879665922729987,0.016890855013405027,0.015318748481482363,0.015256544212904425,0.014876682042997073,0.015586243897398903,0.012515336211264876,0.012804286876209511,0.011865737859723521,0.012089856744251452
2021-08-16,0.014876682042997073,0.015586243897398903,0.012515336211264876,0.012804286876209511,0.011865737859723521,0.012089856744251452,0.011622732711933212,0.008877322456384791,0.009866799351023754,0.010334357711194559,0.010582278974416173,0.008057191899805055,0.008729669999469482,0.008679028192823787,0.01053367991010818,0.010056987785115327,0.0103272627827907,0.010207780167464516,0.01008163213675716,0.009698544358340376,0.0092325325296541
2021-08-19,0.012804286876209511,0.011865737859723521,0.012089856744251452,0.011622732711933212,0.008877322456384791,0.009866799351023754,0.010334357711194559,0.010582278974416173,0.008057191899805055,0.008729669999469482,0.008679028192823787,0.01053367991010818,0.010056987785115327,0.0103272627827907,0.010207780167464516,0.01008163213675716,0.009698544358340376,0.0092325325296541,0.007900299605290389,0.00793675878834638,0.007958856988096142
2021-09-28,0.01222064082787293,0.01278212496712407,0.012196980847749788,0.011310477485245666,0.01321583825483476,0.014528396745898722,0.014772724607841027,0.015174834071696605,0.015621230701553464,0.014237517938287583,0.015515017358779963,0.015302954544145337,0.015272482424168532,0.015312032626075773,0.015231520443114443,0.014439590237819516,0.013234041446183911,0.013412282474254357,0.012513745341020836,0.012112995338998261,0.01634830025085258
2021-10-06,0.014772724607841027,0.015174834071696605,0.015621230701553464,0.014237517938287583,0.015515017358779963,0.015302954544145337,0.015272482424168532,0.015312032626075773,0.015231520443114443,0.014439590237819516,0.013234041446183911,0.013412282474254357,0.012513745341020836,0.012112995338998261,0.01634830025085258,0.018315419816067567,0.01837765439342,0.018392915442908282,0.014709210380374746,0.015302359360035359,0.015133170069593102
2021-10-19,0.014439590237819516,0.013234041446183911,0.013412282474254357,0.012513745341020836,0.012112995338998261,0.01634830025085258,0.018315419816067567,0.01837765439342,0.018392915442908282,0.014709210380374746,0.015302359360035359,0.015133170069593102,0.015433722879534451,0.015446294492001137,0.015350789911486957,0.013166115218411795,0.012663085487048677,0.014773027730694124,0.015090992606300037,0.015283961231162766,0.01728194796131731
2021-10-20,0.013234041446183911,0.013412282474254357,0.012513745341020836,0.012112995338998261,0.01634830025085258,0.018315419816067567,0.01837765439342,0.018392915442908282,0.014709210380374746,0.015302359360035359,0.015133170069593102,0.015433722879534451,0.015446294492001137,0.015350789911486957,0.013166115218411795,0.012663085487048677,0.014773027730694124,0.015090992606300037,0.015283961231162766,0.01728194796131731,0.01976524116486342
2021-11-02,0.015302359360035359,0.015133170069593102,0.015433722879534451,0.015446294492001137,0.015350789911486957,0.013166115218411795,0.012663085487048677,0.014773027730694124,0.015090992606300037,0.015283961231162766,0.01728194796131731,0.01976524116486342,0.019977488417322404,0.0203265744070173,0.020556789194105383,0.02048343808721786,0.018934419762355437,0.01737683120091224,0.017647342838156155,0.016257921407162913,0.015357249243769702
2021-11-10,0.012663085487048677,0.014773027730694124,0.015090992606300037,0.015283961231162766,0.01728194796131731,0.01976524116486342,0.019977488417322404,0.0203265744070173,0.020556789194105383,0.02048343808721786,0.018934419762355437,0.01737683120091224,0.017647342838156155,0.016257921407162913,0.015357249243769702,0.013629513892029155,0.01422124761353288,0.014931855840979221,0.015625140561915423,0.015882461981014354,0.01545788013561256
2021-11-24,0.018934419762355437,0.01737683120091224,0.017647342838156155,0.016257921407162913,0.015357249243769702,0.013629513892029155,0.01422124761353288,0.014931855840979221,0.015625140561915423,0.015882461981014354,0.01545788013561256,0.01238959643375506,0.012770428839071353,0.013038614962190708,0.015363248387405002,0.015398896164968345,0.017099814469209124,0.015890930237859854,0.020026476962307832,0.020027215791505938,0.02138611971427422
2021-12-02,0.013629513892029155,0.01422124761353288,0.014931855840979221,0.015625140561915423,0.015882461981014354,0.01545788013561256,0.01238959643375506,0.012770428839071353,0.013038614962190708,0.015363248387405002,0.015398896164968345,0.017099814469209124,0.015890930237859854,0.020026476962307832,0.020027215791505938,0.02138611971427422,0.021273734740499376,0.02042498433112062,0.02157077096714611,0.021433469606723717,0.022173766138891736
2021-12-07,0.015625140561915423,0.015882461981014354,0.01545788013561256,0.01238959643375506,0.012770428839071353,0.013038614962190708,0.015363248387405002,0.015398896164968345,0.017099814469209124,0.015890930237859854,0.020026476962307832,0.020027215791505938,0.02138611971427422,0.021273734740499376,0.02042498433112062,0.02157077096714611,0.021433469606723717,0.022173766138891736,0.020336909219154282,0.022264957989490086,0.022428923089599356
2021-12-08,0.015882461981014354,0.01545788013561256,0.01238959643375506,0.012770428839071353,0.013038614962190708,0.015363248387405002,0.015398896164968345,0.017099814469209124,0.015890930237859854,0.020026476962307832,0.020027215791505938,0.02138611971427422,0.021273734740499376,0.02042498433112062,0.02157077096714611,0.021433469606723717,0.022173766138891736,0.020336909219154282,0.022264957989490086,0.022428923089599356,0.02258313602677471
2021-12-09,0.01545788013561256,0.01238959643375506,0.012770428839071353,0.013038614962190708,0.015363248387405002,0.015398896164968345,0.017099814469209124,0.015890930237859854,0.020026476962307832,0.020027215791505938,0.02138611971427422,0.021273734740499376,0.02042498433112062,0.02157077096714611,0.021433469606723717,0.022173766138891736,0.020336909219154282,0.022264957989490086,0.022428923089599356,0.02258313602677471,0.0213205217111494
2021-12-16,0.015398896164968345,0.017099814469209124,0.015890930237859854,0.020026476962307832,0.020027215791505938,0.02138611971427422,0.021273734740499376,0.02042498433112062,0.02157077096714611,0.021433469606723717,0.022173766138891736,0.020336909219154282,0.022264957989490086,0.022428923089599356,0.02258313602677471,0.0213205217111494,0.021325870143345995,0.02140799868650999,0.01936136121397992,0.019073034154768874,0.017692076666242253
2021-12-17,0.017099814469209124,0.015890930237859854,0.020026476962307832,0.020027215791505938,0.02138611971427422,0.021273734740499376,0.02042498433112062,0.02157077096714611,0.021433469606723717,0.022173766138891736,0.020336909219154282,0.022264957989490086,0.022428923089599356,0.02258313602677471,0.0213205217111494,0.021325870143345995,0.02140799868650999,0.01936136121397992,0.019073034154768874,0.017692076666242253,0.017868783438210793
2021-12-20,0.015890930237859854,0.020026476962307832,0.020027215791505938,0.02138611971427422,0.021273734740499376,0.02042498433112062,0.02157077096714611,0.021433469606723717,0.022173766138891736,0.020336909219154282,0.022264957989490086,0.022428923089599356,0.02258313602677471,0.0213205217111494,0.021325870143345995,0.02140799868650999,0.01936136121397992,0.019073034154768874,0.017692076666242253,0.017868783438210793,0.013494984211695456
2021-12-22,0.020027215791505938,0.02138611971427422,0.021273734740499376,0.02042498433112062,0.02157077096714611,0.021433469606723717,0.022173766138891736,0.020336909219154282,0.022264957989490086,0.022428923089599356,0.02258313602677471,0.0213205217111494,0.021325870143345995,0.02140799868650999,0.01936136121397992,0.019073034154768874,0.017692076666242253,0.017868783438210793,0.013494984211695456,0.017171755229896127,0.016911383681975586
2022-01-03,0.020336909219154282,0.022264957989490086,0.022428923089599356,0.02258313602677471,0.0213205217111494,0.021325870143345995,0.02140799868650999,0.01936136121397992,0.019073034154768874,0.017692076666242253,0.017868783438210793,0.013494984211695456,0.017171755229896127,0.016911383681975586,0.016755804839799344,0.016653792949110333,0.017431044719190138,0.017633089354737442,0.01629859562071154,0.01617486238588028,0.016124465251440727
2022-01-10,0.021325870143345995,0.02140799868650999,0.01936136121397992,0.019073034154768874,0.017692076666242253,0.017868783438210793,0.013494984211695456,0.017171755229896127,0.016911383681975586,0.016755804839799344,0.016653792949110333,0.017431044719190138,0.017633089354737442,0.01629859562071154,0.01617486238588028,0.016124465251440727,0.016330531034401144,0.010719550832813942,0.014436143497755457,0.014870488812300952,0.016587172296338337
2022-02-02,0.016330531034401144,0.010719550832813942,0.014436143497755457,0.014870488812300952,0.016587172296338337,0.016023708005872998,0.015483125146797852,0.016826038955814967,0.02637386071895759,0.024931392778048407,0.0249486828557775,0.025900317041573813,0.023529577834298293,0.023567886452935647,0.021143582202770912,0.02358924683794125,0.024769542822710735,0.026548508878754998,0.018923117449571567,0.025600050010234927,0.025554674598821932
2022-02-09,0.016023708005872998,0.015483125146797852,0.016826038955814967,0.02637386071895759,0.024931392778048407,0.0249486828557775,0.025900317041573813,0.023529577834298293,0.023567886452935647,0.021143582202770912,0.02358924683794125,0.024769542822710735,0.026548508878754998,0.018923117449571567,0.025600050010234927,0.025554674598821932,0.02448271357791083,0.02509833436120155,0.026216523687429317,0.026172648280708758,0.0340916527169096
2022-02-23,0.021143582202770912,0.02358924683794125,0.024769542822710735,0.026548508878754998,0.018923117449571567,0.025600050010234927,0.025554674598821932,0.02448271357791083,0.02509833436120155,0.026216523687429317,0.026172648280708758,0.0340916527169096,0.03381569336154237,0.03630230531686404,0.036433827795933925,0.035260591567769985,0.03726754020148436,0.03697670009731158,0.03643179508622019,0.03830870995901568,0.03772067048465046
2022-02-24,0.02358924683794125,0.024769542822710735,0.026548508878754998,0.018923117449571567,0.025600050010234927,0.025554674598821932,0.02448271357791083,0.02509833436120155,0.026216523687429317,0.026172648280708758,0.0340916527169096,0.03381569336154237,0.03630230531686404,0.036433827795933925,0.035260591567769985,0.03726754020148436,0.03697670009731158,0.03643179508622019,0.03830870995901568,0.03772067048465046,0.033724025362322295
2022-02-28,0.026548508878754998,0.018923117449571567,0.025600050010234927,0.025554674598821932,0.02448271357791083,0.02509833436120155,0.026216523687429317,0.026172648280708758,0.0340916527169096,0.03381569336154237,0.03630230531686404,0.036433827795933925,0.035260591567769985,0.03726754020148436,0.03697670009731158,0.03643179508622019,0.03830870995901568,0.03772067048465046,0.033724025362322295,0.034051331857686266,0.02991771164962587
2022-03-01,0.018923117449571567,0.025600050010234927,0.025554674598821932,0.02448271357791083,0.02509833436120155,0.026216523687429317,0.026172648280708758,0.0340916527169096,0.03381569336154237,0.03630230531686404,0.036433827795933925,0.035260591567769985,0.03726754020148436,0.03697670009731158,0.03643179508622019,0.03830870995901568,0.03772067048465046,0.033724025362322295,0.034051331857686266,0.02991771164962587,0.030437122277966813
2022-03-07,0.02509833436120155,0.026216523687429317,0.026172648280708758,0.0340916527169096,0.03381569336154237,0.03630230531686404,0.036433827795933925,0.035260591567769985,0.03726754020148436,0.03697670009731158,0.03643179508622019,0.03830870995901568,0.03772067048465046,0.033724025362322295,0.034051331857686266,0.02991771164962587,0.030437122277966813,0.03105634638829183,0.028746764976596974,0.028310573043549888,0.02810032497099942
2022-03-08,0.026216523687429317,0.026172648280708758,0.0340916527169096,0.03381569336154237,0.03630230531686404,0.036433827795933925,0.035260591567769985,0.03726754020148436,0.03697670009731158,0.03643179508622019,0.03830870995901568,0.03772067048465046,0.033724025362322295,0.034051331857686266,0.02991771164962587,0.030437122277966813,0.03105634638829183,0.028746764976596974,0.028310573043549888,0.02810032497099942,0.018712785062321192
2022-03-09,0.026172648280708758,0.0340916527169096,0.03381569336154237,0.03630230531686404,0.036433827795933925,0.035260591567769985,0.03726754020148436,0.03697670009731158,0.03643179508622019,0.03830870995901568,0.03772067048465046,0.033724025362322295,0.034051331857686266,0.02991771164962587,0.030437122277966813,0.03105634638829183,0.028746764976596974,0.028310573043549888,0.02810032497099942,0.018712785062321192,0.019313458954528507
2022-03-23,0.03772067048465046,0.033724025362322295,0.034051331857686266,0.02991771164962587,0.030437122277966813,0.03105634638829183,0.028746764976596974,0.028310573043549888,0.02810032497099942,0.018712785062321192,0.019313458954528507,0.01948222813954766,0.019179086064742088,0.013616408691651182,0.013510952320726995,0.011519228108921427,0.011091516570089194,0.011142239649654374,0.011892169274430596,0.01169022116021581,0.011057157023956371
2022-03-30,0.03105634638829183,0.028746764976596974,0.028310573043549888,0.02810032497099942,0.018712785062321192,0.019313458954528507,0.01948222813954766,0.019179086064742088,0.013616408691651182,0.013510952320726995,0.011519228108921427,0.011091516570089194,0.011142239649654374,0.011892169274430596,0.01169022116021581,0.011057157023956371,0.011212473606275676,0.011319650552648814,0.011777274535523371,0.010906910825418554,0.01198121885475913
2022-04-20,0.01169022116021581,0.011057157023956371,0.011212473606275676,0.011319650552648814,0.011777274535523371,0.010906910825418554,0.01198121885475913,0.012039842535252648,0.01164364078310046,0.01176307423977717,0.012417098597863436,0.01864898400505857,0.0187701885138921,0.01903651576885624,0.019922967263781413,0.021219406798664263,0.020455190869272406,0.020526798106244068,0.02083687889387703,0.02011587531220426,0.025293638240057592
2022-04-25,0.011319650552648814,0.011777274535523371,0.010906910825418554,0.01198121885475913,0.012039842535252648,0.01164364078310046,0.01176307423977717,0.012417098597863436,0.01864898400505857,0.0187701885138921,0.01903651576885624,0.019922967263781413,0.021219406798664263,0.020455190869272406,0.020526798106244068,0.02083687889387703,0.02011587531220426,0.025293638240057592,0.023339014703240072,0.02492054689117708,0.030733770432665303
2022-05-03,0.01176307423977717,0.012417098597863436,0.01864898400505857,0.0187701885138921,0.01903651576885624,0.019922967263781413,0.021219406798664263,0.020455190869272406,0.020526798106244068,0.02083687889387703,0.02011587531220426,0.025293638240057592,0.023339014703240072,0.02492054689117708,0.030733770432665303,0.030212652867721495,0.030075343838094296,0.02961917133400398,0.035199486786689646,0.03508249395323754,0.037807029983988806
2022-05-09,0.01903651576885624,0.019922967263781413,0.021219406798664263,0.020455190869272406,0.020526798106244068,0.02083687889387703,0.02011587531220426,0.025293638240057592,0.023339014703240072,0.02492054689117708,0.030733770432665303,0.030212652867721495,0.030075343838094296,0.02961917133400398,0.035199486786689646,0.03508249395323754,0.037807029983988806,0.03424863835329327,0.035390607404437585,0.03367939448995348,0.025179040309822046
2022-05-18,0.025293638240057592,0.023339014703240072,0.02492054689117708,0.030733770432665303,0.030212652867721495,0.030075343838094296,0.02961917133400398,0.035199486786689646,0.03508249395323754,0.037807029983988806,0.03424863835329327,0.035390607404437585,0.03367939448995348,0.025179040309822046,0.026179994567462263,0.022590552426862892,0.021760390847176486,0.019018127731795058,0.019695566956493313,0.01820526522031301,0.020275939159630715
2022-05-24,0.030212652867721495,0.030075343838094296,0.02961917133400398,0.035199486786689646,0.03508249395323754,0.037807029983988806,0.03424863835329327,0.035390607404437585,0.03367939448995348,0.025179040309822046,0.026179994567462263,0.022590552426862892,0.021760390847176486,0.019018127731795058,0.019695566956493313,0.01820526522031301,0.020275939159630715,0.018878272262774047,0.01924212854889887,0.019206842499301824,0.018928180946212608
2022-06-06,0.03367939448995348,0.025179040309822046,0.026179994567462263,0.022590552426862892,0.021760390847176486,0.019018127731795058,0.019695566956493313,0.01820526522031301,0.020275939159630715,0.018878272262774047,0.01924212854889887,0.019206842499301824,0.018928180946212608,0.02195670023508386,0.02174546902489095,0.02684020737909383,0.02681408457991672,0.02857660896444458,0.02555715441908436,0.029728078284009158,0.030263846624087914
2022-07-01,0.02555715441908436,0.029728078284009158,0.030263846624087914,0.029745790777850226,0.030949193091267337,0.030078580553169226,0.029927088478063895,0.023997809678108353,0.024975885778933758,0.024415731254105497,0.020170406551635857,0.0185205864805269,0.016849147425729082,0.021034406319071514,0.020636875542530516,0.0227963601855427,0.02291748897937741,0.021351771895143836,0.019958412888574004,0.02003109659908515,0.020614660855039685
2022-07-20,0.016849147425729082,0.021034406319071514,0.020636875542530516,0.0227963601855427,0.02291748897937741,0.021351771895143836,0.019958412888574004,0.02003109659908515,0.020614660855039685,0.02075144501815176,0.020625770536079186,0.01609359569291866,0.015445468645328822,0.013323183618066657,0.012954696136888282,0.019173538677828336,0.026960406857220686,0.024911961746371034,0.026555740143150763,0.02651208834691882,0.028645793966555356
2022-08-22,0.02791789043431492,0.026315935767543725,0.02604906286914052,0.019588448885334165,0.018876116209647163,0.017983534200664425,0.018823348766963007,0.016921187936678503,0.01628451538663688,0.019092208401889,0.01968797788910771,0.019646596809927912,0.014017476533843934,0.015466046649181622,0.016310909369994096,0.016419915722744868,0.01629063110777279,0.016423527272546225,0.016770071142907943,0.015425433175383925,0.015650860210378946
2022-08-29,0.017983534200664425,0.018823348766963007,0.016921187936678503,0.01628451538663688,0.019092208401889,0.01968797788910771,0.019646596809927912,0.014017476533843934,0.015466046649181622,0.016310909369994096,0.016419915722744868,0.01629063110777279,0.016423527272546225,0.016770071142907943,0.015425433175383925,0.015650860210378946,0.022233269347326366,0.02146790443513203,0.02036615250098223,0.018881727141943465,0.020664383333583676
2022-08-30,0.018823348766963007,0.016921187936678503,0.01628451538663688,0.019092208401889,0.01968797788910771,0.019646596809927912,0.014017476533843934,0.015466046649181622,0.016310909369994096,0.016419915722744868,0.01629063110777279,0.016423527272546225,0.016770071142907943,0.015425433175383925,0.015650860210378946,0.022233269347326366,0.02146790443513203,0.02036615250098223,0.018881727141943465,0.020664383333583676,0.020797300594128397
2022-09-06,0.01968797788910771,0.019646596809927912,0.014017476533843934,0.015466046649181622,0.016310909369994096,0.016419915722744868,0.01629063110777279,0.016423527272546225,0.016770071142907943,0.015425433175383925,0.015650860210378946,0.022233269347326366,0.02146790443513203,0.02036615250098223,0.018881727141943465,0.020664383333583676,0.020797300594128397,0.023075063177390328,0.022284121575984396,0.021491500993882685,0.023637036478764764
2022-09-12,0.016310909369994096,0.016419915722744868,0.01629063110777279,0.016423527272546225,0.016770071142907943,0.015425433175383925,0.015650860210378946,0.022233269347326366,0.02146790443513203,0.02036615250098223,0.018881727141943465,0.020664383333583676,0.020797300594128397,0.023075063177390328,0.022284121575984396,0.021491500993882685,0.023637036478764764,0.016344478558048294,0.017418137876572738,0.01766364373484509,0.016369682770879742
2022-09-23,0.02036615250098223,0.018881727141943465,0.020664383333583676,0.020797300594128397,0.023075063177390328,0.022284121575984396,0.021491500993882685,0.023637036478764764,0.016344478558048294,0.017418137876572738,0.01766364373484509,0.016369682770879742,0.01746772166105166,0.017503702641948272,0.019652062015981343,0.019873822914334136,0.02435336821436344,0.026657971140822957,0.028922921739918592,0.02852132861146797,0.02850797578564758
2022-09-26,0.018881727141943465,0.020664383333583676,0.020797300594128397,0.023075063177390328,0.022284121575984396,0.021491500993882685,0.023637036478764764,0.016344478558048294,0.017418137876572738,0.01766364373484509,0.016369682770879742,0.01746772166105166,0.017503702641948272,0.019652062015981343,0.019873822914334136,0.02435336821436344,0.026657971140822957,0.028922921739918592,0.02852132861146797,0.02850797578564758,0.027919724838452925
2022-09-28,0.020797300594128397,0.023075063177390328,0.022284121575984396,0.021491500993882685,0.023637036478764764,0.016344478558048294,0.017418137876572738,0.01766364373484509,0.016369682770879742,0.01746772166105166,0.017503702641948272,0.019652062015981343,0.019873822914334136,0.02435336821436344,0.026657971140822957,0.028922921739918592,0.02852132861146797,0.02850797578564758,0.027919724838452925,0.027564967897660435,0.026720310165743444
2022-10-10,0.016369682770879742,0.01746772166105166,0.017503702641948272,0.019652062015981343,0.019873822914334136,0.02435336821436344,0.026657971140822957,0.028922921739918592,0.02852132861146797,0.02850797578564758,0.027919724838452925,0.027564967897660435,0.026720310165743444,0.024950977234104603,0.025208935209511497,0.023321918882974933,0.02228151468520909,0.020857448619968914,0.01989510317415962,0.0197096472201386,0.01977285953255574
2022-10-24,0.027919724838452925,0.027564967897660435,0.026720310165743444,0.024950977234104603,0.025208935209511497,0.023321918882974933,0.02228151468520909,0.020857448619968914,0.01989510317415962,0.0197096472201386,0.01977285953255574,0.021997850787869783,0.021091925904407047,0.021015341210608374,0.019223438378124097,0.01891487475186997,0.017595197968174443,0.014964868425864591,0.014963432386642527,0.014560762118655523,0.014874103422387843
2022-10-25,0.027564967897660435,0.026720310165743444,0.024950977234104603,0.025208935209511497,0.023321918882974933,0.02228151468520909,0.020857448619968914,0.01989510317415962,0.0197096472201386,0.01977285953255574,0.021997850787869783,0.021091925904407047,0.021015341210608374,0.019223438378124097,0.01891487475186997,0.017595197968174443,0.014964868425864591,0.014963432386642527,0.014560762118655523,0.014874103422387843,0.014023181594663607
2022-10-27,0.024950977234104603,0.025208935209511497,0.023321918882974933,0.02228151468520909,0.020857448619968914,0.01989510317415962,0.0197096472201386,0.01977285953255574,0.021997850787869783,0.021091925904407047,0.021015341210608374,0.019223438378124097,0.01891487475186997,0.017595197968174443,0.014964868425864591,0.014963432386642527,0.014560762118655523,0.014874103422387843,0.014023181594663607,0.012394103601720994,0.023732416738844804
2022-11-09,0.021091925904407047,0.021015341210608374,0.019223438378124097,0.01891487475186997,0.017595197968174443,0.014964868425864591,0.014963432386642527,0.014560762118655523,0.014874103422387843,0.014023181594663607,0.012394103601720994,0.023732416738844804,0.02430616221526972,0.024818355666615353,0.024962877965803595,0.02449491344831116,0.02417546097638878,0.02434530420201282,0.024117553264237757,0.02349289840832485,0.023226132259850193
2022-11-16,0.014964868425864591,0.014963432386642527,0.014560762118655523,0.014874103422387843,0.014023181594663607,0.012394103601720994,0.023732416738844804,0.02430616221526972,0.024818355666615353,0.024962877965803595,0.02449491344831116,0.02417546097638878,0.02434530420201282,0.024117553264237757,0.02349289840832485,0.023226132259850193,0.010408958876959551,0.011619198582922909,0.011381719022750644,0.0165263986699439,0.016422310539921797
2022-11-30,0.024962877965803595,0.02449491344831116,0.02417546097638878,0.02434530420201282,0.024117553264237757,0.02349289840832485,0.023226132259850193,0.010408958876959551,0.011619198582922909,0.011381719022750644,0.0165263986699439,0.016422310539921797,0.01685949892421588,0.01759945688282611,0.01894711772656871,0.018538160166819327,0.01836833915282957,0.018379783630978974,0.01753492173830826,0.017604231772936234,0.012258515767404787
2023-01-04,0.013430725024649752,0.011956304495312155,0.012941953697935991,0.013676888190552081,0.013710191168049151,0.013268594424876263,0.011968596544211053,0.012763583409997175,0.011787944539026518,0.011104775521918372,0.011402179714933175,0.012869024932296788,0.014948640750476508,0.014394997411398304,0.014996914860027756,0.016338509556948676,0.015508633096495465,0.015542279679894005,0.015314656273339618,0.01539990832911785,0.020207715362288825
2023-01-18,0.011104775521918372,0.011402179714933175,0.012869024932296788,0.014948640750476508,0.014394997411398304,0.014996914860027756,0.016338509556948676,0.015508633096495465,0.015542279679894005,0.015314656273339618,0.01539990832911785,0.020207715362288825,0.018413511360719854,0.017661449337955812,0.01807395475561488,0.017966368283772575,0.01522530912155623,0.014131786569915277,0.014841216996874589,0.018010630276643326,0.01814541944230814
2023-01-26,0.016338509556948676,0.015508633096495465,0.015542279679894005,0.015314656273339618,0.01539990832911785,0.020207715362288825,0.018413511360719854,0.017661449337955812,0.01807395475561488,0.017966368283772575,0.01522530912155623,0.014131786569915277,0.014841216996874589,0.018010630276643326,0.01814541944230814,0.014125822937498308,0.01635802251151005,0.014877302269716465,0.014834799860525306,0.014824956739156209,0.015442673452486995
2023-03-02,0.013041720567283678,0.014992747570576852,0.013257086729896847,0.013840529499847192,0.013767989862112685,0.013945502297967713,0.014138063022232578,0.015605842463982717,0.01504614639873485,0.015980829853567725,0.01392729302974877,0.013205863158057227,0.013425339647462498,0.012735783920226246,0.012552894121795303,0.01377898845841859,0.01321238490613173,0.012169792231776368,0.012573331198676386,0.013936823078582562,0.0139072826960442
2023-03-13,0.015605842463982717,0.01504614639873485,0.015980829853567725,0.01392729302974877,0.013205863158057227,0.013425339647462498,0.012735783920226246,0.012552894121795303,0.01377898845841859,0.01321238490613173,0.012169792231776368,0.012573331198676386,0.013936823078582562,0.0139072826960442,0.014766641849693873,0.0156088964002428,0.018062912432158792,0.018355402461192567,0.01841049096046655,0.01795096597780033,0.017810848314826967
2023-03-24,0.01321238490613173,0.012169792231776368,0.012573331198676386,0.013936823078582562,0.0139072826960442,0.014766641849693873,0.0156088964002428,0.018062912432158792,0.018355402461192567,0.01841049096046655,0.01795096597780033,0.017810848314826967,0.017227650758934746,0.01701300372731823,0.017643118993461646,0.012207681469451722,0.01325623287587033,0.01207681573383574,0.011845463640830015,0.01171593555724389,0.011541882452127594
2023-04-03,0.0156088964002428,0.018062912432158792,0.018355402461192567,0.01841049096046655,0.01795096597780033,0.017810848314826967,0.017227650758934746,0.01701300372731823,0.017643118993461646,0.012207681469451722,0.01325623287587033,0.01207681573383574,0.011845463640830015,0.01171593555724389,0.011541882452127594,0.011762975664079472,0.011708697925115615,0.010373158116620642,0.010767847859900445,0.01015836146458066,0.010770471243272737
2023-06-05,0.013889524124460971,0.014240824866654183,0.014493956069379126,0.014465554247017004,0.01439565194945767,0.009776311217238957,0.009072661010068329,0.007318761421338028,0.00952434105051462,0.009008009819793302,0.00891096618205754,0.008152886056916822,0.007592599037863365,0.007471220667283734,0.00762649718630981,0.008184947161532742,0.008186082519713643,0.0077476617510413605,0.007345733248616585,0.007583683743914749,0.010200589757712333
2023-11-27,0.01721933067892541,0.028469095661416508,0.027784124773072825,0.02686981220066871,0.02580898441985498,0.025567066584195625,0.026617664665923624,0.025937290351684017,0.02547723586502448,0.025401003987608986,0.02574853469347962,0.011463654043149772,0.011889437137951911,0.011322468273692717,0.013666231732271574,0.012864050609050508,0.011332962812286091,0.01223266948653527,0.012212303746352522,0.012883366064723732,0.012447683651408647
2023-12-20,0.01223266948653527,0.012212303746352522,0.012883366064723732,0.012447683651408647,0.013266734632399692,0.018813372826843134,0.02352441651592374,0.02249736744580156,0.023147673714658333,0.023615338147661973,0.0261390935051515,0.027382038535248718,0.02665773364889827,0.0265698487675565,0.024959433084629522,0.022714122137766652,0.018934748086999183,0.019429376595017117,0.020419727306868782,0.018487880422209866,0.015526970030260972
2024-01-02,0.02249736744580156,0.023147673714658333,0.023615338147661973,0.0261390935051515,0.027382038535248718,0.02665773364889827,0.0265698487675565,0.024959433084629522,0.022714122137766652,0.018934748086999183,0.019429376595017117,0.020419727306868782,0.018487880422209866,0.015526970030260972,0.01113407526396032,0.011026167605105193,0.009400478571031592,0.009355827353342042,0.008302813619193071,0.012133306281231724,0.012782791364275644
2024-01-08,0.027382038535248718,0.02665773364889827,0.0265698487675565,0.024959433084629522,0.022714122137766652,0.018934748086999183,0.019429376595017117,0.020419727306868782,0.018487880422209866,0.015526970030260972,0.01113407526396032,0.011026167605105193,0.009400478571031592,0.009355827353342042,0.008302813619193071,0.012133306281231724,0.012782791364275644,0.012988544121593136,0.013141736010677746,0.014271189237737698,0.01490904105097324
2024-02-20,0.017023503588732055,0.017569226571927495,0.019064361224007856,0.019204867148769966,0.019233605857418578,0.01943318623783319,0.022617108642130172,0.02385870264469292,0.02236222060780827,0.02194041169410601,0.020953233255274414,0.02096278916678186,0.020537667124047247,0.020678271164559375,0.01975662336948879,0.01898681264086913,0.01591373315619071,0.013891462532968924,0.013991874352040261,0.014048938889848775,0.013633345754483253
2024-03-05,0.020953233255274414,0.02096278916678186,0.020537667124047247,0.020678271164559375,0.01975662336948879,0.01898681264086913,0.01591373315619071,0.013891462532968924,0.013991874352040261,0.014048938889848775,0.013633345754483253,0.014403989540276886,0.012596602961819931,0.011591057134410637,0.011691276969934763,0.015078059218601583,0.01575812494298136,0.015154745544105418,0.013682016212996768,0.013488184174867432,0.013504611181177135
2024-03-11,0.01975662336948879,0.01898681264086913,0.01591373315619071,0.013891462532968924,0.013991874352040261,0.014048938889848775,0.013633345754483253,0.014403989540276886,0.012596602961819931,0.011591057134410637,0.011691276969934763,0.015078059218601583,0.01575812494298136,0.015154745544105418,0.013682016212996768,0.013488184174867432,0.013504611181177135,0.014704659506843257,0.013712637547837723,0.013373875326668653,0.013379462597938756
2024-03-14,0.013891462532968924,0.013991874352040261,0.014048938889848775,0.013633345754483253,0.014403989540276886,0.012596602961819931,0.011591057134410637,0.011691276969934763,0.015078059218601583,0.01575812494298136,0.015154745544105418,0.013682016212996768,0.013488184174867432,0.013504611181177135,0.014704659506843257,0.013712637547837723,0.013373875326668653,0.013379462597938756,0.011126716800888191,0.016059321100079568,0.01510524816137
2024-03-25,0.011691276969934763,0.015078059218601583,0.01575812494298136,0.015154745544105418,0.013682016212996768,0.013488184174867432,0.013504611181177135,0.014704659506843257,0.013712637547837723,0.013373875326668653,0.013379462597938756,0.011126716800888191,0.016059321100079568,0.01510524816137,0.014775986687607347,0.016128336060093923,0.015985490313510792,0.014517606102768124,0.014968441639724144,0.01511267690641069,0.017387788932873047
2024-04-02,0.013488184174867432,0.013504611181177135,0.014704659506843257,0.013712637547837723,0.013373875326668653,0.013379462597938756,0.011126716800888191,0.016059321100079568,0.01510524816137,0.014775986687607347,0.016128336060093923,0.015985490313510792,0.014517606102768124,0.014968441639724144,0.01511267690641069,0.017387788932873047,0.019960150755836483,0.0157494881600809,0.017585846893698142,0.018548588909164127,0.01833847527269897
2024-04-05,0.013712637547837723,0.013373875326668653,0.013379462597938756,0.011126716800888191,0.016059321100079568,0.01510524816137,0.014775986687607347,0.016128336060093923,0.015985490313510792,0.014517606102768124,0.014968441639724144,0.01511267690641069,0.017387788932873047,0.019960150755836483,0.0157494881600809,0.017585846893698142,0.018548588909164127,0.01833847527269897,0.01847802441676796,0.018419940919700905,0.018321248052750382
2024-04-11,0.016059321100079568,0.01510524816137,0.014775986687607347,0.016128336060093923,0.015985490313510792,0.014517606102768124,0.014968441639724144,0.01511267690641069,0.017387788932873047,0.019960150755836483,0.0157494881600809,0.017585846893698142,0.018548588909164127,0.01833847527269897,0.01847802441676796,0.018419940919700905,0.018321248052750382,0.018407411189575174,0.014751429100405106,0.012855118403433204,0.01237192676908874
2024-04-12,0.01510524816137,0.014775986687607347,0.016128336060093923,0.015985490313510792,0.014517606102768124,0.014968441639724144,0.01511267690641069,0.017387788932873047,0.019960150755836483,0.0157494881600809,0.017585846893698142,0.018548588909164127,0.01833847527269897,0.01847802441676796,0.018419940919700905,0.018321248052750382,0.018407411189575174,0.014751429100405106,0.012855118403433204,0.01237192676908874,0.011340551863589057
2024-04-16,0.016128336060093923,0.015985490313510792,0.014517606102768124,0.014968441639724144,0.01511267690641069,0.017387788932873047,0.019960150755836483,0.0157494881600809,0.017585846893698142,0.018548588909164127,0.01833847527269897,0.01847802441676796,0.018419940919700905,0.018321248052750382,0.018407411189575174,0.014751429100405106,0.012855118403433204,0.01237192676908874,0.011340551863589057,0.010042096456919182,0.010388283305747406
2024-04-17,0.015985490313510792,0.014517606102768124,0.014968441639724144,0.01511267690641069,0.017387788932873047,0.019960150755836483,0.0157494881600809,0.017585846893698142,0.018548588909164127,0.01833847527269897,0.01847802441676796,0.018419940919700905,0.018321248052750382,0.018407411189575174,0.014751429100405106,0.012855118403433204,0.01237192676908874,0.011340551863589057,0.010042096456919182,0.010388283305747406,0.010089829568107203
2024-04-30,0.01833847527269897,0.01847802441676796,0.018419940919700905,0.018321248052750382,0.018407411189575174,0.014751429100405106,0.012855118403433204,0.01237192676908874,0.011340551863589057,0.010042096456919182,0.010388283305747406,0.010089829568107203,0.011541473623151584,0.01273904722273446,0.012725034741767187,0.01265578990666173,0.012513007893707483,0.012028876949852853,0.012677126288965368,0.012129640479846654,0.010868192876967244
2024-05-02,0.018419940919700905,0.018321248052750382,0.018407411189575174,0.014751429100405106,0.012855118403433204,0.01237192676908874,0.011340551863589057,0.010042096456919182,0.010388283305747406,0.010089829568107203,0.011541473623151584,0.01273904722273446,0.012725034741767187,0.01265578990666173,0.012513007893707483,0.012028876949852853,0.012677126288965368,0.012129640479846654,0.010868192876967244,0.01087908695830219,0.010330895535603391
2024-05-20,0.012725034741767187,0.01265578990666173,0.012513007893707483,0.012028876949852853,0.012677126288965368,0.012129640479846654,0.010868192876967244,0.01087908695830219,0.010330895535603391,0.008476695246050521,0.008486840373783304,0.008741369961873227,0.01300944242954084,0.014674855960689747,0.015141858801499337,0.015077398286209477,0.016650672339517402,0.016727410244000485,0.016835363127247552,0.016367433970163416,0.016992269077819273
2024-07-24,0.01473370755492761,0.016700550432806105,0.016896480573573586,0.0185314168368175,0.018895124060274382,0.02053875520959144,0.019296198897187884,0.019421467994984676,0.019663055018777353,0.01983494728960845,0.019981943211190692,0.01768820260165715,0.01777649303225822,0.012382894373294984,0.011057497340824462,0.009796620760742367,0.010707692295212715,0.010516219957507414,0.014751340677752287,0.014835662290470118,0.01441576121258454
2024-10-10,0.009845112692527426,0.009314717347664671,0.009437619417987774,0.010063654135381338,0.01035770195599682,0.01074242951411845,0.010308230714435708,0.0098161400994149,0.009522518118159627,0.009252998044376128,0.008386806090406537,0.0091712557417079,0.009202686064206819,0.009915248601017902,0.011851359058420871,0.011813622363533186,0.012074097353833033,0.011973728788072959,0.01169571766505074,0.012331284399889586,0.010653589948573787
2024-12-12,0.010510200990498906,0.00873563078347343,0.007775610935059884,0.008367491854856787,0.009864380998544009,0.009858551830995058,0.009808556943829667,0.011328533884093862,0.010630480629090128,0.010420218322546637,0.01103538691132388,0.010877311641524464,0.0111063200871483,0.011552500032331475,0.014187332898185885,0.014041168865604537,0.015506989153087689,0.013783535958510859,0.01372828176295839,0.013672005716184163,0.012978235299590104
