date,icln_cate
2018-01-17,0.013537541150720632
2018-01-18,0.0055036481597375885
2018-01-19,0.0062808495997714745
2018-01-22,0.0074367398377911224
2018-01-23,0.008662566470710389
2018-01-24,0.010301028833200263
2018-01-25,0.010713055224414158
2018-01-26,0.011708836337394767
2018-01-29,-0.0038024612819928466
2018-01-30,-0.01182138297005197
2018-01-31,0.0015069381330205449
2018-02-01,0.0032060974622028027
2018-02-02,0.011137075949711358
2018-02-05,0.1093198396373731
2018-02-06,0.05199250232785079
2018-02-07,0.04026176267887248
2018-02-08,0.10217083258246164
2018-02-09,0.0647510348783526
2018-02-12,0.04330554809129796
2018-02-13,0.05119841431044539
2018-02-14,0.03518908478641964
2018-02-15,0.060350127284726635
2018-02-16,0.034653714737506634
2018-02-20,0.03914963703742004
2018-02-21,0.015513891080486788
2018-02-22,-0.0022434165598554396
2018-02-23,-0.015331640461475945
2018-02-26,-0.019703022443830858
2018-02-27,-0.013944211961393919
2018-02-28,-0.0022811448236705035
2018-03-01,0.024920491321548954
2018-03-02,-0.002615609214707703
2018-03-05,-0.002336353908834951
2018-03-06,-0.004687682409931
2018-03-07,-0.004791289690506828
2018-03-08,-0.019079450108442298
2018-03-09,-0.01280259956198588
2018-03-12,-0.020325171825399106
2018-03-13,-0.019439012314810693
2018-03-14,-0.009770514624282852
2018-03-15,-0.018221477249501083
2018-03-16,-0.022068679257214275
2018-03-19,-0.0010045145932079038
2018-03-20,0.009912335550974788
2018-03-21,0.02030202371825026
2018-03-22,0.02877646535451305
2018-03-23,0.025217041476945288
2018-03-26,0.05367081143537
2018-03-27,0.04506729157427125
2018-03-28,0.045888395074678894
2018-03-29,0.011608549473663899
2018-04-02,0.037333121285196766
2018-04-03,0.05444933128760714
2018-04-04,0.033604876212983956
2018-04-05,0.029697268057862356
2018-04-06,0.054236609964719615
2018-04-09,0.051513687126687045
2018-04-10,0.0217591891089732
2018-04-11,0.013076889749676265
2018-04-12,0.0047650818931074135
2018-04-13,-0.0033345454584393255
2018-04-16,-0.003150792626119567
2018-04-17,-0.0013637824392222428
2018-04-18,0.00918222389302401
2018-04-19,0.015333150493407827
2018-04-20,0.021222099514159223
2018-04-23,0.013280918023946655
2018-04-24,0.019457852244204682
2018-04-25,0.01635325206866297
2018-04-26,0.010645211057166124
2018-04-27,0.013594385922831319
2018-04-30,0.008247595405161576
2018-05-01,0.011067339683043907
2018-05-02,0.014662962076194969
2018-05-03,0.019667525360075617
2018-05-04,0.019870394902414594
2018-05-07,0.01962065355369899
2018-05-08,0.01583843064026052
2018-05-09,0.029791994397168238
2018-05-10,0.0301433441329167
2018-05-11,0.03404768153537642
2018-05-14,0.02741273701846797
2018-05-15,0.01102663433279201
2018-05-16,0.021079839551923163
2018-05-17,0.02047734905543023
2018-05-18,0.024228064502341
2018-05-21,0.016645013791790716
2018-05-22,0.02066279241815331
2018-05-23,0.02053278987824311
2018-05-24,0.028723322757538538
2018-05-25,0.03245295437624536
2018-05-29,0.0038319186028238353
2018-05-30,0.0038930564662494884
2018-05-31,0.0033513736507541415
2018-06-01,0.021820132541806064
2018-06-04,-0.019619615276124762
2018-06-05,0.006868375326925852
2018-06-06,0.013074971492139438
2018-06-07,0.022398634257908327
2018-06-08,0.00553732654709534
2018-06-11,0.008750453943374627
2018-06-12,0.012557982554494869
2018-06-13,0.03227010731695359
2018-06-14,0.03461302988701038
2018-06-15,0.038865046016576504
2018-06-18,0.03294235712661483
2018-06-19,0.03008035496632535
2018-06-20,0.03343355829843993
2018-06-21,0.018962515252555396
2018-06-22,0.026987453402884068
2018-06-25,0.01604569277020511
2018-06-26,0.012934427481195495
2018-06-27,0.010702650867473884
2018-06-28,0.012097779234792114
2018-06-29,-0.0003515886295209813
2018-07-02,0.014132772744496609
2018-07-03,0.005784791198177132
2018-07-05,0.012842486135949372
2018-07-06,0.025016520434201512
2018-07-09,0.02679003300617393
2018-07-10,0.02444423960661915
2018-07-11,0.020554318434614475
2018-07-12,0.02442493103142322
2018-07-13,0.024051160730766134
2018-07-16,0.01903754198768602
2018-07-17,0.02529199660683374
2018-07-18,0.03056967772982993
2018-07-19,0.01977736126521389
2018-07-20,0.030111659584411084
2018-07-23,0.03213966427595065
2018-07-24,0.03631620900846049
2018-07-25,0.0367444731430354
2018-07-26,0.03565819269443371
2018-07-27,0.03355548736383571
2018-07-30,0.01592181830857902
2018-07-31,0.032087543512185505
2018-08-01,0.027896566748246227
2018-08-02,0.03732478639304923
2018-08-03,0.038217022789746494
2018-08-06,0.03897032980054293
2018-08-07,0.03317621829013598
2018-08-08,0.0321586801694094
2018-08-09,0.03114845583961093
2018-08-10,0.02769734783353448
2018-08-13,0.014980714097221516
2018-08-14,0.03053833535324387
2018-08-15,0.0062732021909422215
2018-08-16,0.018873271440170952
2018-08-17,0.01738043393602086
2018-08-20,-0.0009331204156665686
2018-08-21,-0.01207559040812482
2018-08-22,-0.02286267141829308
2018-08-23,-0.027845796307987378
2018-08-24,-0.014231032501440892
2018-08-27,-0.007668901710769343
2018-08-28,0.01639893058622399
2018-08-29,0.035938565127652373
2018-08-30,0.02145005217398693
2018-08-31,0.02263126849512065
2018-09-04,0.01989767460211365
2018-09-05,0.01756144601302991
2018-09-06,0.009704389020256946
2018-09-07,0.01605908095583097
2018-09-10,0.023596212882062016
2018-09-11,0.024598444167381224
2018-09-12,0.022717628478713135
2018-09-13,0.032611134586241236
2018-09-14,0.03196436142081115
2018-09-17,0.02641662843695928
2018-09-18,0.022282295237657967
2018-09-19,0.022120869126544023
2018-09-20,0.025924067955041895
2018-09-21,0.025506023887872206
2018-09-24,0.02054744249017979
2018-09-25,0.018474839261881527
2018-09-26,0.018128838306875835
2018-09-27,0.018810246778352566
2018-09-28,0.01475637175611639
2018-10-01,-0.004712283651738239
2018-10-02,-0.001595381665137662
2018-10-03,-0.010833777244695681
2018-10-04,-0.007545261210697688
2018-10-05,-0.00578074459550018
2018-10-08,-0.006396839234777644
2018-10-09,-0.024313622672854435
2018-10-10,0.014861449958626422
2018-10-11,0.009779869024989672
2018-10-12,0.034423791621644786
2018-10-15,0.03275550046282645
2018-10-16,-0.02464396809652466
2018-10-17,-0.02625271918620514
2018-10-18,0.0009257524234003206
2018-10-19,-0.00039985763071270655
2018-10-22,0.0014375571376912893
2018-10-23,0.009155459742214147
2018-10-24,0.021404336846418605
2018-10-25,0.02892617569472409
2018-10-26,0.022821694374768484
2018-10-29,0.02425217496692355
2018-10-30,0.027979923316588908
2018-10-31,0.04496050063004282
2018-11-01,0.00759973591488488
2018-11-02,0.01402655848653645
2018-11-05,0.031968342180561216
2018-11-06,0.005322538149596092
2018-11-07,0.008599750999634568
2018-11-08,-0.002834834397189079
2018-11-09,-0.011625559455289688
2018-11-12,0.015137444719463426
2018-11-13,0.004912704623982322
2018-11-14,0.04132279148117504
2018-11-15,-0.00739491342443648
2018-11-16,-0.017938073013346535
2018-11-19,-0.0007048079929491909
2018-11-20,0.024853689181274223
2018-11-21,0.02427858176430188
2018-11-23,0.03696342676844799
2018-11-26,-0.0036587453112298697
2018-11-27,-0.012047059603565254
2018-11-28,-0.010666076101402036
2018-11-29,-0.012990432618146893
2018-11-30,-0.007479255949996616
2018-12-03,-0.027706480209700835
2018-12-04,0.0330722579155365
2018-12-06,0.033217976266454396
2018-12-07,0.03988109991478261
2018-12-10,0.04116494156687648
2018-12-11,0.04150801883807001
2018-12-12,0.03816368255007248
2018-12-13,0.02030088334565965
2018-12-14,0.030046510974684137
2018-12-17,0.032308559509652134
2018-12-18,0.048938245721607626
2018-12-19,0.043791296842930795
2018-12-20,0.1012945306113284
2018-12-21,0.11436155683941496
2018-12-24,0.15898486500400677
2018-12-26,0.13189151928369103
2018-12-27,0.12303497304968812
2018-12-28,0.11679173510771904
2018-12-31,0.09575605317893278
2019-01-02,0.07415017673326399
2019-01-03,0.06388875877724723
2019-01-04,0.08626222829993731
2019-01-07,0.07340666195198453
2019-01-08,0.0290924674826268
2019-01-09,-0.005734510871591204
2019-01-10,-0.011710133977484775
2019-01-11,-0.015902018650709955
2019-01-14,2.0118451246095245e-05
2019-01-15,-0.021443192003628885
2019-01-16,-0.01528360854961954
2019-01-17,-0.015069413533227318
2019-01-18,-0.013439418993579401
2019-01-22,0.019669267167071767
2019-01-23,-0.009116876060592126
2019-01-24,-0.015698978681473224
2019-01-25,-0.018545020977702074
2019-01-28,-0.016174972494348773
2019-01-29,-0.014357681938369372
2019-01-30,-0.01970547634204603
2019-01-31,-0.03831449967706946
2019-02-01,-0.03741271599907747
2019-02-04,-0.03257413676772398
2019-02-05,-0.0363676001588434
2019-02-06,-0.03481449655544907
2019-02-07,-0.03201634423882573
2019-02-08,-0.03356972615752125
2019-02-11,-0.03265545811550941
2019-02-12,-0.036768319973791104
2019-02-13,-0.03392742070344957
2019-02-14,-0.02574156826146421
2019-02-15,-0.030725632015805894
2019-02-19,-0.030574805392602846
2019-02-20,-0.02151496747834788
2019-02-21,-0.027612632086754116
2019-02-22,-0.013435140774308227
2019-02-25,-0.028035152227661828
2019-02-26,-0.028895736436068242
2019-02-27,-0.0313339168943334
2019-02-28,-0.02770774337549284
2019-03-01,-0.01295849211104372
2019-03-04,-0.027129435704235108
2019-03-05,-0.027552117230415136
2019-03-06,-0.029093737327009178
2019-03-07,-0.025813395848646226
2019-03-08,-0.026097376687733268
2019-03-11,-0.03416534859856245
2019-03-12,-0.024962024279223293
2019-03-13,-0.015156792572232645
2019-03-14,-0.01859132166679542
2019-03-15,-0.01595016106611519
2019-03-18,-0.013848316466596552
2019-03-19,-0.008465185608356794
2019-03-20,-0.004445559245663517
2019-03-21,0.0006829045129644121
2019-03-22,-0.02237104794631206
2019-03-25,-0.017176838155502017
2019-03-26,-0.011844753955509383
2019-03-27,-0.013980737216266886
2019-03-28,-0.009387743704827181
2019-03-29,-0.000832649691265669
2019-04-01,0.005539846557393203
2019-04-02,0.006702689265442669
2019-04-03,0.0009136061347781279
2019-04-04,0.005607396423539181
2019-04-05,0.013048580240192308
2019-04-08,0.018674189858397354
2019-04-09,-0.0018228555631712975
2019-04-10,0.020256457468178706
2019-04-11,0.012784491387318962
2019-04-12,0.022319775754069814
2019-04-15,0.020719960143355504
2019-04-16,0.019712466356909694
2019-04-17,0.016326955009542593
2019-04-18,0.022150340866251807
2019-04-22,0.025404192955290398
2019-04-23,0.025226147047889537
2019-04-24,0.025169883079278945
2019-04-25,0.026004420349657442
2019-04-26,0.022215046742207034
2019-04-29,0.02257512581864781
2019-04-30,0.02277329509323235
2019-05-01,0.006321385866419826
2019-05-02,0.0030457524119694487
2019-05-03,0.020799693111757465
2019-05-06,-0.0031861575528937224
2019-05-07,0.013844823606856812
2019-05-08,0.014973108546922862
2019-05-09,0.015171417973211183
2019-05-10,-0.0054124451305958485
2019-05-13,0.031005652825894885
2019-05-14,0.006154712510793768
2019-05-15,-0.0061452263362787385
2019-05-16,-0.010927516413869945
2019-05-17,-0.002707065118050923
2019-05-20,0.0032032136670846205
2019-05-21,-0.0028175849725725886
2019-05-22,-0.006072436319171794
2019-05-23,0.00012675273446769383
2019-05-24,-0.012337251004336365
2019-05-28,0.011355320940424027
2019-05-29,0.011173790268779283
2019-05-30,-0.003236115687129294
2019-05-31,-0.005078300090517714
2019-06-03,-0.00958802459036627
2019-06-04,-0.01581165976928187
2019-06-05,-0.02440576775268611
2019-06-06,-0.026869491374458213
2019-06-07,-0.023052177784114933
2019-06-10,-0.029779210121898613
2019-06-11,-0.028317469983949326
2019-06-12,-0.019185166772542117
2019-06-13,-0.026064853031902344
2019-06-14,-0.030500143234061482
2019-06-17,-0.02752711067824955
2019-06-18,-0.030190399682276936
2019-06-19,-0.03025810924890955
2019-06-20,-0.019801613618470392
2019-06-21,-0.023510563129118714
2019-06-24,-0.020103819900999007
2019-06-25,-0.016635056464197905
2019-06-26,-0.019370666780073705
2019-06-27,-0.02003128408069832
2019-06-28,-0.018998907418731576
2019-07-01,-0.014659034959881613
2019-07-02,-0.01568145821812983
2019-07-03,-0.012803501510391262
2019-07-05,-0.008782832486490163
2019-07-08,-0.013879340869962918
2019-07-09,-0.01754519509145442
2019-07-10,-0.008160427104594947
2019-07-11,-0.007460583415133488
2019-07-12,-0.00539832430225203
2019-07-15,-0.00774472600376331
2019-07-16,-0.007206531888808979
2019-07-17,-0.015041241680758977
2019-07-18,-0.017155093551974386
2019-07-19,-0.025976194666402625
2019-07-22,-0.012667647083055397
2019-07-23,-0.011753277412754125
2019-07-24,-0.011462018274747765
2019-07-25,-0.011817364463698566
2019-07-26,-0.010271639189927224
2019-07-29,-0.010053253480736414
2019-07-30,-0.011864805333877654
2019-07-31,-0.016984289166375347
2019-08-01,-0.001017312539595746
2019-08-02,-0.005164891095462779
2019-08-05,0.045512752274414474
2019-08-06,0.04933388392035261
2019-08-07,0.06218122166725667
2019-08-08,0.0909179166641445
2019-08-09,0.08411918538783751
2019-08-12,0.10909688553046452
2019-08-13,0.044587963994940576
2019-08-14,0.10492202612589788
2019-08-15,0.13348988201085496
2019-08-16,0.12808864077519222
2019-08-19,0.017017857411848296
2019-08-20,0.01531025732000874
2019-08-21,0.0019639112228323798
2019-08-22,0.0016802395089380267
2019-08-23,0.047150979756545384
2019-08-26,0.06509997452193787
2019-08-27,0.048952656321877376
2019-08-28,0.0262394850959384
2019-08-29,0.010404792733070583
2019-08-30,0.019084366118750567
2019-09-03,0.027421004563055854
2019-09-04,0.009426988001567183
2019-09-05,-0.00530096990346194
2019-09-06,-0.005709465144659009
2019-09-09,-0.016968757619220377
2019-09-10,-0.024401490651277814
2019-09-11,-0.01999721573405274
2019-09-12,-0.023132145939868332
2019-09-13,-0.011628917738876535
2019-09-16,-0.0060477823113918566
2019-09-17,-0.01944919685786434
2019-09-18,-0.013995271078523467
2019-09-19,-0.0104295111180689
2019-09-20,-0.0165134473016554
2019-09-23,-0.017341732718494804
2019-09-24,0.0007985278482415754
2019-09-25,-0.01703675507429346
2019-09-26,-0.0131241171430936
2019-09-27,-0.0027641479784152228
2019-09-30,-0.014216521284838224
2019-10-01,0.012685363124117924
2019-10-02,0.0442123304806586
2019-10-03,0.031164852453705056
2019-10-04,0.02496456264973221
2019-10-07,0.02116967266937537
2019-10-08,0.0521828737085695
2019-10-09,0.024298493676557915
2019-10-10,0.013446570986602985
2019-10-11,-0.015433802783451248
2019-10-14,-0.00920942589766505
2019-10-15,0.003815266887520464
2019-10-16,-0.006206898028897155
2019-10-17,-0.010765696778389589
2019-10-18,-0.012854679754001648
2019-10-21,-0.005238564548740662
2019-10-22,-0.013386097971577032
2019-10-23,-0.014155793776766862
2019-10-24,-0.01355896241877513
2019-10-25,-0.014886946216398978
2019-10-28,-0.014817793618001174
2019-10-29,-0.015183811095277503
2019-10-30,-0.008781644605914253
2019-10-31,-0.003325005409780983
2019-11-01,-0.0064761683993085975
2019-11-04,-0.015455316331087626
2019-11-05,-0.010799912312843577
2019-11-06,-0.013937805267227038
2019-11-07,-0.015620675031128557
2019-11-08,-0.012920821166760136
2019-11-11,-0.013768150218624516
2019-11-12,-0.013839154511593794
2019-11-13,-0.015877001001417937
2019-11-14,-0.015469076482198134
2019-11-15,-0.007167626731771836
2019-11-18,-0.012347986306827308
2019-11-19,-0.012341527737199766
2019-11-20,-0.012560568475296586
2019-11-21,-0.00928740364390167
2019-11-22,-0.008711129997304914
2019-11-25,0.0014854651902110752
2019-11-26,-0.0016917746897562383
2019-11-27,-0.00026616632214540386
2019-11-29,-0.013342212543400806
2019-12-02,-0.02526315068813947
2019-12-03,-0.016069101998927606
2019-12-04,-0.01756099985354504
2019-12-05,-0.021463623290195938
2019-12-06,-0.0061752661615743654
2019-12-09,-0.01961897343985215
2019-12-10,-0.01681877629910291
2019-12-11,-0.019740527357208465
2019-12-12,-0.009768947251048439
2019-12-13,-0.0026394807814033227
2019-12-16,0.002772702934452157
2019-12-17,0.0019593369635864727
2019-12-18,-0.0037282727251434474
2019-12-19,-0.006992150152119205
2019-12-20,-0.006553818762091443
2019-12-23,-0.00738083917095662
2019-12-24,-0.0006994494150386922
2019-12-26,0.0019988370780647784
2019-12-27,0.005343463427166571
2019-12-30,-0.004145298114173877
2019-12-31,-0.0062927755843298645
2020-01-02,-0.002874855221721506
2020-01-03,-0.001758640856238591
2020-01-06,0.0015011705212872766
2020-01-07,0.002157246976672753
2020-01-08,-0.004842853534476237
2020-01-09,-0.003051503949604577
2020-01-10,-0.002362641717090527
2020-01-13,-0.0042420346188470235
2020-01-14,-0.004882194281044833
2020-01-15,-0.009625260914983206
2020-01-16,-0.0021857697613644825
2020-01-17,-0.0007198609082353213
2020-01-21,-0.00341180422848928
2020-01-22,-0.008362122326336537
2020-01-23,-0.01324251267184291
2020-01-24,-0.019223711689809544
2020-01-27,0.00988626159015826
2020-01-28,-0.0026728431587815338
2020-01-29,0.0014915108039064346
2020-01-30,0.01845018271701837
2020-01-31,0.024705370362652277
2020-02-03,0.05561523089147064
2020-02-04,0.1304767456638701
2020-02-05,0.10858295725949532
2020-02-06,0.11436110798466785
2020-02-07,0.15327359944177268
2020-02-10,0.06441737800519155
2020-02-11,0.07745756839415889
2020-02-12,0.09648868770743986
2020-02-13,0.04470695367584083
2020-02-14,0.019651462825480196
2020-02-18,0.02312450767463577
2020-02-19,0.1217713355753125
2020-02-20,0.11291020519065688
2020-02-21,0.13414181302611483
2020-02-24,0.20267588450604976
2020-02-25,0.32523933622414897
2020-02-26,0.2951949845444968
2020-02-27,0.35703696825214054
2020-02-28,0.378495229988763
2020-03-02,0.3670536202952289
2020-03-03,0.3947007898708147
2020-03-04,0.29570198708960005
2020-03-05,0.31379169513178673
2020-03-06,0.35857266345203687
2020-03-09,0.5506638394124723
2020-03-10,0.5554175511766043
2020-03-11,0.5572732163340047
2020-03-12,0.5744583562917411
2020-03-13,0.5595143058780011
2020-03-16,0.5786744981820386
2020-03-17,0.5578917827914638
2020-03-18,0.5422910847618468
2020-03-19,0.5495252024588146
2020-03-20,0.5684188438028701
2020-03-23,0.5799952244605411
2020-03-24,0.5786479190423626
2020-03-25,0.5764170195951757
2020-03-26,0.5779238904355587
2020-03-27,0.5776480507636023
2020-03-30,0.5705863301028954
2020-03-31,0.5705863301028954
2020-04-01,0.5622592528260821
2020-04-02,0.5622592528260821
2020-04-03,0.5567340850110406
2020-04-06,0.561496268330879
2020-04-07,0.5787104594604519
2020-04-08,0.5682446979947905
2020-04-09,0.567488410864766
2020-04-13,0.5610778511837692
2020-04-14,0.5595465563386505
2020-04-15,0.5466857607808621
2020-04-16,0.5190239570367396
2020-04-17,0.5309278887991881
2020-04-20,0.5384104380190751
2020-04-21,0.5000355262485023
2020-04-22,0.5082545752575272
2020-04-23,0.47692241254483514
2020-04-24,0.4564839946733104
2020-04-27,0.45804487571097807
2020-04-28,0.46048040955535313
2020-04-29,0.4429379328571026
2020-04-30,0.5072784538339945
2020-05-01,0.5349747873454894
2020-05-04,0.5295657614302808
2020-05-05,0.47522486603883257
2020-05-06,0.4988782024502368
2020-05-07,0.43936512558675506
2020-05-08,0.4271464813491918
2020-05-11,0.44946291053771725
2020-05-12,0.47157530994401176
2020-05-13,0.45571670907401796
2020-05-14,0.40800625978451804
2020-05-15,0.3632862805116367
2020-05-18,0.4389310586971573
2020-05-19,0.4346614712381036
2020-05-20,0.35725504457596113
2020-05-21,0.38531927900095325
2020-05-22,0.3495085022661158
2020-05-26,0.39565501738247544
2020-05-27,0.40656610824644096
2020-05-28,0.38418428758688183
2020-05-29,0.3492531427908957
2020-06-01,0.307685161425493
2020-06-02,0.21370292489791115
2020-06-03,0.25607611553615356
2020-06-04,0.25905202292997365
2020-06-05,0.1664328090093163
2020-06-08,0.2374772697593305
2020-06-09,0.24376914888074727
2020-06-10,0.20207451776814409
2020-06-11,0.5059032097124155
2020-06-12,0.5133619403198627
2020-06-15,0.502079209375555
2020-06-16,0.490759110772168
2020-06-17,0.4808055470586719
2020-06-18,0.45193916952567537
2020-06-19,0.4581537704271002
2020-06-22,0.38275209260810267
2020-06-23,0.38672633298133424
2020-06-24,0.46312808155069135
2020-06-25,0.24837681760817132
2020-06-26,0.2935742256555996
2020-06-29,0.2651415775027195
2020-06-30,0.2728849478076545
2020-07-01,0.20520037750411943
2020-07-02,0.15527170495319187
2020-07-06,0.23246182217095107
2020-07-07,0.252159559024365
2020-07-08,0.22374089095089042
2020-07-09,0.2634359785037238
2020-07-10,0.2122607439688441
2020-07-13,0.24863565026301088
2020-07-14,0.23374234530039953
2020-07-15,0.1993586669761703
2020-07-16,0.21956067905339385
2020-07-17,0.2010217640008153
2020-07-20,0.14799914172973258
2020-07-21,0.13841214605490806
2020-07-22,0.08854326847006982
2020-07-23,0.0974027353470822
2020-07-24,0.12051997389309199
2020-07-27,0.08864420295657235
2020-07-28,0.13237894213790807
2020-07-29,0.10604686239775611
2020-07-30,0.09954338628174539
2020-07-31,0.08982100798109176
2020-08-03,0.1094949179283253
2020-08-04,0.1657838513065315
2020-08-05,0.17973454631148783
2020-08-06,0.17679683791894527
2020-08-07,0.13734551785688348
2020-08-10,0.12304201658526816
2020-08-11,0.08921416006698929
2020-08-12,0.09348782542860944
2020-08-13,0.09948116858731547
2020-08-14,0.10206087023134273
2020-08-17,0.08690311669406882
2020-08-18,0.07619867824808883
2020-08-19,0.0773784089806939
2020-08-20,0.08273941068541271
2020-08-21,0.08381024768671344
2020-08-24,0.08040913526180771
2020-08-25,0.08428541007869506
2020-08-26,0.08424257359243795
2020-08-27,0.07942166815396609
2020-08-28,0.08635896685543439
2020-08-31,0.09199231665533066
2020-09-01,0.08372964924486835
2020-09-02,0.09043718214378967
2020-09-03,0.3196271967279407
2020-09-04,0.336334858158588
2020-09-08,0.40103181253564596
2020-09-09,0.43748989721160736
2020-09-10,0.43045180721346205
2020-09-11,0.4183647634266978
2020-09-14,0.42424195945255905
2020-09-15,0.45246677739645114
2020-09-16,0.4087776664014254
2020-09-17,0.4117981320689503
2020-09-18,0.21380775689555337
2020-09-21,0.2503591051389543
2020-09-22,0.22716748865773304
2020-09-23,0.19511579032790272
2020-09-24,0.17173737201901246
2020-09-25,0.13952738344464002
2020-09-28,0.20802122160230047
2020-09-29,0.25588326355241814
2020-09-30,0.2793023725365568
2020-10-01,0.2624862689240856
2020-10-02,0.3052391549035998
2020-10-05,0.3253961564852903
2020-10-06,0.2835809550789117
2020-10-07,0.28680869732508385
2020-10-08,0.22502797245642078
2020-10-09,0.225829903641209
2020-10-12,0.27765198555958315
2020-10-13,0.27043333161579874
2020-10-14,0.2460055974907874
2020-10-15,0.25347497687661474
2020-10-16,0.2699723801919683
2020-10-19,0.27673470150513774
2020-10-20,0.2866268683690888
2020-10-21,0.30362145413437375
2020-10-22,0.2683745863976831
2020-10-23,0.2579099556994414
2020-10-26,0.33350076189703376
2020-10-27,0.32302524611407957
2020-10-28,0.3668071425933621
2020-10-29,0.41585598527814743
2020-10-30,0.41488691855896737
2020-11-02,0.40729347158185
2020-11-03,0.38508293163744817
2020-11-04,0.2623206873147068
2020-11-05,0.44721661379689787
2020-11-06,0.45037698620514777
2020-11-09,0.33021597993571106
2020-11-10,0.30898662646632724
2020-11-11,0.27948820535009516
2020-11-12,0.354897928896354
2020-11-13,0.3208956040383307
2020-11-16,0.27260260218645227
2020-11-17,0.28465476753318064
2020-11-18,0.2984728601721899
2020-11-19,0.1030896709807126
2020-11-20,0.09638201053928078
2020-11-23,0.11260582093736972
2020-11-24,0.08909353744932079
2020-11-25,0.0832219265735715
2020-11-27,0.08791866020424392
2020-11-30,0.08322383828422937
2020-12-01,0.08966133487674655
2020-12-02,0.0886767315649607
2020-12-03,0.09122155466104297
2020-12-04,0.08468787905797517
2020-12-07,0.08748339570233328
2020-12-08,0.08073030367452892
2020-12-09,0.11657062514024924
2020-12-10,0.11562351725011225
2020-12-11,0.09627749598151794
2020-12-14,0.10646723438845052
2020-12-15,0.2119252819853155
2020-12-16,0.2043703497584821
2020-12-17,0.187614670193516
2020-12-18,0.17466969546014657
2020-12-21,0.2031939843960557
2020-12-22,0.22627798186490794
2020-12-23,0.09740539335070438
2020-12-24,0.10098429443346818
2020-12-28,0.10435652478175077
2020-12-29,0.1822155797249045
2020-12-30,0.09894662614499358
2020-12-31,0.096865081125961
2021-01-04,0.12587899118951928
2021-01-05,0.10266966447308346
2021-01-06,0.2387362148630714
2021-01-07,0.3552463453551635
2021-01-08,0.3604943052590833
2021-01-11,0.4413154851916066
2021-01-12,0.41517723911720256
2021-01-13,0.43163997294590684
2021-01-14,0.4117836033473729
2021-01-15,0.4999638523443418
2021-01-19,0.4833307977932459
2021-01-20,0.47169700966290945
2021-01-21,0.4421781221621816
2021-01-22,0.4303830525737958
2021-01-25,0.41953153311045804
2021-01-26,0.3336917811458044
2021-01-27,0.412181252322583
2021-01-28,0.4190382550174863
2021-01-29,0.40866839754072803
2021-02-01,0.3872874745090447
2021-02-02,0.40697003065870646
2021-02-03,0.39603644380406167
2021-02-04,0.3252133116579923
2021-02-05,0.3078811188629765
2021-02-08,0.3171806983344977
2021-02-09,0.31342095155612193
2021-02-10,0.1000206513705504
2021-02-11,0.0750731267251688
2021-02-12,0.02976055531940935
2021-02-16,0.047785259781330254
2021-02-17,0.046485334543484864
2021-02-18,0.08351826798907169
2021-02-19,0.09090654362927844
2021-02-22,0.24246661834943728
2021-02-23,0.16167681153904234
2021-02-24,0.26781028471575674
2021-02-25,0.25628478986130543
2021-02-26,0.2695868268945147
2021-03-01,0.36021724922086984
2021-03-02,0.3692219279608854
2021-03-03,0.3635884629035909
2021-03-04,0.32213185202252603
2021-03-05,0.32769764607954166
2021-03-08,0.25885192848354427
2021-03-09,0.36104278813998203
2021-03-10,0.35428112154610764
2021-03-11,0.34598204509575875
2021-03-12,0.3226379862870302
2021-03-15,0.33117658758834395
2021-03-16,0.33431181772317803
2021-03-17,0.3315216263588121
2021-03-18,0.3466750718656656
2021-03-19,0.3190898151670262
2021-03-22,0.33132524264293445
2021-03-23,0.3065804934689086
2021-03-24,0.31922104375241844
2021-03-25,0.2398009970160482
2021-03-26,0.24991009860413335
2021-03-29,0.23073289590510104
2021-03-30,0.26871630782817374
2021-03-31,0.30124025225279916
2021-04-01,0.25327571072866994
2021-04-02,0.2441208891330608
2021-04-05,0.2657363117402948
2021-04-06,0.25424769877092346
2021-04-07,0.12176895112034336
2021-04-08,0.13125323508101797
2021-04-09,0.10824179630871025
2021-04-12,0.09428757563508064
2021-04-13,0.0764103466355167
2021-04-14,-0.016493290721334566
2021-04-15,-0.011269032085539908
2021-04-16,0.07069175211948665
2021-04-19,0.06839075976409875
2021-04-20,0.07225201088224145
2021-04-21,0.07844992717839598
2021-04-22,0.07939508898751345
2021-04-23,0.07565644921188809
2021-04-26,0.07300090096612175
2021-04-27,0.06473016924164904
2021-04-28,0.06683620853136875
2021-04-29,0.05789298404183388
2021-04-30,0.03912397791007084
2021-05-03,0.01374317142015439
2021-05-04,0.06263228629274564
2021-05-05,0.05524497408939137
2021-05-06,-0.007605388889911711
2021-05-07,-0.01841304474543976
2021-05-10,0.008566982925290244
2021-05-11,0.05008925565383205
2021-05-12,0.07280272710590842
2021-05-13,0.08407553339095586
2021-05-14,0.10529364300661559
2021-05-17,0.10102655553908454
2021-05-18,0.055719223688510025
2021-05-19,0.06598731709599719
2021-05-20,0.08759714731387519
2021-05-21,0.074560679121673
2021-05-24,0.06054972551128028
2021-05-25,0.058698765247950195
2021-05-26,-0.007566833037322393
2021-05-27,-0.0172170540115395
2021-05-28,0.006034035549452413
2021-06-01,0.021779966410748267
2021-06-02,0.015831386118432742
2021-06-03,0.014312179627854145
2021-06-04,0.015826584209808744
2021-06-07,0.015075184916302994
2021-06-08,0.026717300628266435
2021-06-09,0.023509463133061473
2021-06-10,0.02227096379755503
2021-06-11,0.020202657561164235
2021-06-14,0.020562515368188355
2021-06-15,0.0193080991568345
2021-06-16,0.005461641348142336
2021-06-17,0.023533393385596152
2021-06-18,0.032796950166905335
2021-06-21,0.000763991774437395
2021-06-22,0.004654027987655316
2021-06-23,-0.0035115461331124724
2021-06-24,0.0001720467579759029
2021-06-25,-0.004129173914380104
2021-06-28,0.002719729102143538
2021-06-29,0.006658063637711385
2021-06-30,-0.02193727815610114
2021-07-01,-0.020451042797840303
2021-07-02,2.6238831880848026e-05
2021-07-06,0.00438367423336998
2021-07-07,0.02325310706128834
2021-07-08,0.011469012565638289
2021-07-09,-0.010337721873964116
2021-07-12,-0.024755496813174026
2021-07-13,0.005938863119718703
2021-07-14,0.0003830927265328
2021-07-15,0.011544389313723475
2021-07-16,0.01855526809877197
2021-07-19,0.04021801577685564
2021-07-20,0.028197317235858235
2021-07-21,0.022664165208421145
2021-07-22,-0.010482234455381288
2021-07-23,-0.0034718809441739986
2021-07-26,-0.034191055638405445
2021-07-27,-0.014201755204868565
2021-07-28,-0.00020911385903816474
2021-07-29,-0.03871214518270578
2021-07-30,-0.03270598346925403
2021-08-02,0.007636207466266583
2021-08-03,-0.011154182793704325
2021-08-04,0.017124206283187223
2021-08-05,0.010925520633378422
2021-08-06,0.021430479850834332
2021-08-09,0.01450048195015502
2021-08-10,0.01992918435300455
2021-08-11,0.021055275631649127
2021-08-12,0.02038604839289769
2021-08-13,0.016467788731415904
2021-08-16,0.018009744037619613
2021-08-17,0.022461698126050422
2021-08-18,0.03568904990764003
2021-08-19,0.03500911427174691
2021-08-20,0.018163482552469926
2021-08-23,0.025199716196726517
2021-08-24,0.027124212475251226
2021-08-25,0.02380931709612093
2021-08-26,0.02753876898254335
2021-08-27,0.02509284062117834
2021-08-30,0.023975742468110652
2021-08-31,0.021355858581345352
2021-09-01,0.020800220740459507
2021-09-02,0.02100071304230476
2021-09-03,0.022368335287300666
2021-09-07,0.026406031365172868
2021-09-08,0.02486747156977985
2021-09-09,0.029800894591075044
2021-09-10,0.04112435479193385
2021-09-13,0.01344429694908877
2021-09-14,0.022518777272228126
2021-09-15,-0.02030070522022
2021-09-16,-0.007773739970854254
2021-09-17,0.026823197967236638
2021-09-20,0.03855892933721862
2021-09-21,0.036346278174570604
2021-09-22,0.026889353611394686
2021-09-23,-0.035689624526072404
2021-09-24,-0.03972394992967115
2021-09-27,-0.025364918238884586
2021-09-28,0.03334155047473959
2021-09-29,0.03456357605375497
2021-09-30,0.035069812980114794
2021-10-01,0.027703949290340812
2021-10-04,0.022380397297373462
2021-10-05,0.01996142614493399
2021-10-06,0.02716750205048333
2021-10-07,-0.01783074704902444
2021-10-08,-0.027884791180273188
2021-10-11,-0.015198634629696615
2021-10-12,-0.03326377373180228
2021-10-13,-0.0014394842895402598
2021-10-14,0.0007826978969018971
2021-10-15,-0.01198694651305437
2021-10-18,-0.09469430462937992
2021-10-19,-0.09195522877795506
2021-10-20,-0.09015241397877435
2021-10-21,-0.07830018421911045
2021-10-22,-0.08072196364980551
2021-10-25,-0.08163646671674595
2021-10-26,-0.07486162798212916
2021-10-27,-0.05455367492597602
2021-10-28,-0.09532545384552256
2021-10-29,-0.08793522437667578
2021-11-01,-0.09043544261118959
2021-11-02,-0.035329293666757966
2021-11-03,0.02483435688244876
2021-11-04,0.036929759902332264
2021-11-05,0.03222327935289844
2021-11-08,0.02652511712267188
2021-11-09,0.028724288379120708
2021-11-10,0.016572577010855856
2021-11-11,-0.026310663708688925
2021-11-12,-0.012510242531588783
2021-11-15,-0.06706233724259078
2021-11-16,-0.07633962820519284
2021-11-17,-0.04518816339742168
2021-11-18,-0.05394892014105548
2021-11-19,-0.04779607103699775
2021-11-22,-0.027126778072142036
2021-11-23,-0.04078817714881684
2021-11-24,-0.05924169620573672
2021-11-26,0.06943825023311234
2021-11-29,0.04641719425047634
2021-11-30,0.05104408652221019
2021-12-01,0.09658928412640777
2021-12-02,0.06993127160797352
2021-12-03,0.09639341322738984
2021-12-06,0.05270669462100542
2021-12-07,0.06746818163235989
2021-12-08,0.04882129505853134
2021-12-09,0.06413796757133804
2021-12-10,0.04503989321644376
2021-12-13,0.05382035627864369
2021-12-14,0.05840917965241629
2021-12-15,0.05134322259754374
2021-12-16,0.04117844458172908
2021-12-17,0.061755831221601075
2021-12-20,0.05680039404228963
2021-12-21,0.0551445420334664
2021-12-22,0.03809591674893995
2021-12-23,0.03963797483934276
2021-12-27,0.045903392031975444
2021-12-28,0.040449023727794846
2021-12-29,0.036120224919132755
2021-12-30,0.030959823073219726
2021-12-31,0.014459419186343844
2022-01-03,0.0013813930888170612
2022-01-04,-0.04737105354690125
2022-01-05,-0.006263564911777712
2022-01-06,-0.013334289664970723
2022-01-07,-0.026007426916040056
2022-01-10,-0.016341854465381084
2022-01-11,-0.027686652059086745
2022-01-12,-0.024589100999740342
2022-01-13,-0.02492317761282909
2022-01-14,-0.03761775562510527
2022-01-18,0.012853191540440546
2022-01-19,0.016086610485762907
2022-01-20,0.005580263759486838
2022-01-21,0.03580953719074818
2022-01-24,0.0402317202510455
2022-01-25,0.06901571127539359
2022-01-26,0.07247206978681299
2022-01-27,0.05302283665577036
2022-01-28,0.03701744545466639
2022-01-31,0.09096524237618824
2022-02-01,0.03953800974688107
2022-02-02,0.03949797064213888
2022-02-03,0.07349582398809452
2022-02-04,0.012811322338411554
2022-02-07,0.01064759700346661
2022-02-08,0.03498051482739379
2022-02-09,0.00044067998959477735
2022-02-10,0.015980665401413133
2022-02-11,0.09091257493459562
2022-02-14,0.054223518417796226
2022-02-15,0.042983347749874515
2022-02-16,0.03576787771655104
2022-02-17,0.05873471506015577
2022-02-18,0.06819938553663844
2022-02-22,0.08728036170874254
2022-02-23,0.10154717920522821
2022-02-24,0.16126666629802783
2022-02-25,0.1271638575176275
2022-02-28,0.19979892058318424
2022-03-01,0.22908545792231463
2022-03-02,0.19274171474091478
2022-03-03,0.21332422348443114
2022-03-04,0.22695973636575273
2022-03-07,0.24617232365933517
2022-03-08,0.2531562543925786
2022-03-09,0.2316645795120053
2022-03-10,0.16203430715130598
2022-03-11,0.17128445423334732
2022-03-14,0.171904618059606
2022-03-15,0.14379054129999372
2022-03-16,0.11038014549217186
2022-03-17,0.10558919682804856
2022-03-18,0.11165217475589566
2022-03-21,0.10987580963581887
2022-03-22,0.05763606072310883
2022-03-23,0.05132318482933233
2022-03-24,0.053988763270795215
2022-03-25,0.04318953089287711
2022-03-28,-0.013107286244931984
2022-03-29,-0.015673697774399566
2022-03-30,-0.01022908478000076
2022-03-31,-0.0072753825457489195
2022-04-01,-0.028997563447289595
2022-04-04,-0.02133468740447252
2022-04-05,-0.005960310504178317
2022-04-06,-0.012952966530268806
2022-04-07,-0.01593435692347163
2022-04-08,-0.017178252637089008
2022-04-11,-0.010350363537911187
2022-04-12,-0.010282798364109511
2022-04-13,0.0006884884403124816
2022-04-14,0.002792122765296508
2022-04-18,0.004574454319157066
2022-04-19,0.0027098676133711927
2022-04-20,-0.01986535038142167
2022-04-21,0.058615720916325144
2022-04-22,0.05567467422075047
2022-04-25,0.03341491783837087
2022-04-26,0.10637605211411798
2022-04-27,0.09585182027129686
2022-04-28,0.07056129823993175
2022-04-29,0.11107756011879358
2022-05-02,0.10339771228163462
2022-05-03,0.0712050690125372
2022-05-04,0.05830394243607706
2022-05-05,0.09878227993463341
2022-05-06,0.09652273462440811
2022-05-09,0.21180980336872635
2022-05-10,0.19673202614958557
2022-05-11,0.18870397693177793
2022-05-12,0.16914256249808587
2022-05-13,0.17221981393870328
2022-05-16,0.16353795969149304
2022-05-17,0.21544746964511338
2022-05-18,0.17818497029729907
2022-05-19,0.18219383421937538
2022-05-20,0.1568548675999157
2022-05-23,0.07574092343762193
2022-05-24,0.09401926575710888
2022-05-25,0.0608697589762006
2022-05-26,0.05034634070799045
2022-05-27,0.04911573959084518
2022-05-31,0.05093364843153688
2022-06-01,0.03911520749734896
2022-06-02,0.04991967858882629
2022-06-03,0.04637975096149593
2022-06-06,0.054606670974620714
2022-06-07,0.05124183142438691
2022-06-08,0.05036332754825724
2022-06-09,0.04817061167695674
2022-06-10,0.060052098749712825
2022-06-13,0.17170530567162126
2022-06-14,0.1490576834863061
2022-06-15,0.13523455474560026
2022-06-16,0.13422637143354835
2022-06-17,0.1679167367367318
2022-06-21,0.15860500110167786
2022-06-22,0.13469795230376633
2022-06-23,0.14393842691351488
2022-06-24,0.12458785499447875
2022-06-27,0.12342214548810729
2022-06-28,0.0702872942548256
2022-06-29,0.07734896592750926
2022-06-30,0.07816150170331698
2022-07-01,0.05206563491339618
2022-07-05,0.0348560101161502
2022-07-06,0.006130747650657151
2022-07-07,0.03658029623421509
2022-07-08,0.04725258922061171
2022-07-11,0.03341302368525486
2022-07-12,0.026779535792570114
2022-07-13,0.03291525541895283
2022-07-14,0.04045612449911835
2022-07-15,0.0398619022377769
2022-07-18,0.04120619496701643
2022-07-19,0.04460715074136634
2022-07-20,0.05121594965145218
2022-07-21,0.0038615274119510536
2022-07-22,0.0009008598760280307
2022-07-25,-0.0005781859530473619
2022-07-26,-0.009560475676206014
2022-07-27,0.051294147899567565
2022-07-28,0.08972136785480077
2022-07-29,0.032271959792599905
2022-08-01,0.07018049322396451
2022-08-02,0.07034896962864562
2022-08-03,0.11721189795471548
2022-08-04,0.10700214682221856
2022-08-05,0.08852280516211453
2022-08-08,0.09115756368826204
2022-08-09,0.06711731589834773
2022-08-10,0.04035730887730573
2022-08-11,0.02642508077814083
2022-08-12,0.015159679847043783
2022-08-15,-0.00015851127002243533
2022-08-16,0.014148764328858492
2022-08-17,-0.007017642507743999
2022-08-18,-0.025992296009427852
2022-08-19,0.032097564673736596
2022-08-22,0.05690857542444736
2022-08-23,0.046853883722010756
2022-08-24,-0.0006832628017107889
2022-08-25,0.0008409798237778876
2022-08-26,-0.005686490702994242
2022-08-29,0.011862956814735759
2022-08-30,-0.0037314240799442818
2022-08-31,0.0021998389614951578
2022-09-01,-0.0017483083134830022
2022-09-02,-0.009595811008699495
2022-09-06,-0.008015883507006192
2022-09-07,0.031452007813004855
2022-09-08,0.05113301277088493
2022-09-09,0.051733337976244825
2022-09-12,0.04387247890959183
2022-09-13,0.049998811258292974
2022-09-14,0.04691584679368598
2022-09-15,0.03179615282951473
2022-09-16,0.03263944926258061
2022-09-19,0.04314806586665421
2022-09-20,0.044988460175567443
2022-09-21,0.022576111135574426
2022-09-22,0.017142909665840478
2022-09-23,0.05238694178356528
2022-09-26,0.06723080237404441
2022-09-27,0.07979199169844907
2022-09-28,0.04535166543319643
2022-09-29,0.09618098936058622
2022-09-30,0.09910766924621368
2022-10-03,0.09359288865092791
2022-10-04,0.11650201148222603
2022-10-05,0.126097546163732
2022-10-06,0.14049273732145923
2022-10-07,0.15545412767742095
2022-10-10,0.15540300822193115
2022-10-11,0.17572923413310426
2022-10-12,0.16369286060270963
2022-10-13,0.12328797166338197
2022-10-14,0.12491017740534636
2022-10-17,0.09712583935576405
2022-10-18,0.08362844421065846
2022-10-19,0.08284020727182802
2022-10-20,0.06844516605679553
2022-10-21,0.07466686266093825
2022-10-24,0.07194472483746045
2022-10-25,0.07446482901556595
2022-10-26,0.05619410365893013
2022-10-27,0.05726007477464763
2022-10-28,0.04618100744903922
2022-10-31,0.04164514597766676
2022-11-01,0.008554913948445016
2022-11-02,-0.013294829799385184
2022-11-03,-0.01183640709294546
2022-11-04,-0.012030290710779911
2022-11-07,-0.010602009278059953
2022-11-08,-0.015359940620683668
2022-11-09,-0.01748011670035995
2022-11-10,0.03437496070708357
2022-11-11,0.03876531732334676
2022-11-14,0.047667216156159806
2022-11-15,0.04699441417455793
2022-11-16,0.04257147124905777
2022-11-17,0.043459442918727983
2022-11-18,0.04885435618897095
2022-11-21,0.03756123832767144
2022-11-22,0.020213297969072636
2022-11-23,0.024543893406296705
2022-11-25,-0.012743260170369062
2022-11-28,0.009791658524523981
2022-11-29,0.007124631957091593
2022-11-30,0.0030753592859067195
2022-12-01,-0.019003171957152655
2022-12-02,-0.007262914096856622
2022-12-05,0.017382782447421887
2022-12-06,0.059733291502491535
2022-12-07,0.061819617423167106
2022-12-08,0.05867359505391307
2022-12-09,0.06101631303636106
2022-12-12,0.02760692031325016
2022-12-13,0.030206660894135446
2022-12-14,0.0005388119674433324
2022-12-15,0.014333699170548385
2022-12-16,0.015840924867371053
2022-12-19,0.009520379089986295
2022-12-20,0.002974431835901346
2022-12-21,-0.028668618033068166
2022-12-22,0.014039407949191372
2022-12-23,0.001088532246013463
2022-12-27,-0.009187681912206794
2022-12-28,-0.0030852797898901804
2022-12-29,-0.008179592282133524
2022-12-30,-0.014061768996891408
2023-01-03,0.003585169882102754
2023-01-04,0.009255772703914643
2023-01-05,-0.0016336132738148262
2023-01-06,0.019917817575431804
2023-01-09,0.028159435151675
2023-01-10,-0.0002756567037050546
2023-01-11,0.005841895981432477
2023-01-12,-0.021597160330000493
2023-01-13,-0.04054215684570677
2023-01-17,-0.02752926500287269
2023-01-18,-0.021869712078381495
2023-01-19,0.04641406362685658
2023-01-20,0.01794183284053391
2023-01-23,0.0029858744086487363
2023-01-24,0.010337599610541306
2023-01-25,0.0050171911461587655
2023-01-26,-0.038551991670527815
2023-01-27,-0.04203087970562789
2023-01-30,-0.0336019711708028
2023-01-31,0.01838767674537754
2023-02-01,0.006089939410625762
2023-02-02,-0.01332338531645621
2023-02-03,-0.02131388183004587
2023-02-06,-0.009500343693792815
2023-02-07,-0.028772989936848105
2023-02-08,-0.036428101030399875
2023-02-09,-0.006124307902900111
2023-02-10,-0.01682282698172843
2023-02-13,-0.028524372263433594
2023-02-14,-0.02665785868541196
2023-02-15,-0.04868212494891489
2023-02-16,-0.036684155558102755
2023-02-17,-0.03064584263585261
2023-02-21,0.005019402384590399
2023-02-22,0.00046143994254537986
2023-02-23,-0.004925765774783155
2023-02-24,-0.0008272626519734397
2023-02-27,-0.006291804379459138
2023-02-28,-0.013238444218597573
2023-03-01,-0.018190881716926812
2023-03-02,-0.03658570164240461
2023-03-03,-0.04486532690486826
2023-03-06,-0.037561411810828275
2023-03-07,-0.04204278278114632
2023-03-08,-0.03994060870744583
2023-03-09,-0.001228647613626755
2023-03-10,-0.0034360541734388995
2023-03-13,4.1428963475105725e-05
2023-03-14,0.005895660790844531
2023-03-15,0.018968840638010544
2023-03-16,0.020197153051784662
2023-03-17,0.02483355158576713
2023-03-20,0.02920416050926668
2023-03-21,0.050231675868419375
2023-03-22,0.057436300325710676
2023-03-23,0.060713091427212464
2023-03-24,0.04875097163553295
2023-03-27,0.04059331211470681
2023-03-28,0.007233920721657003
2023-03-29,0.000920349488406774
2023-03-30,0.02320693138757262
2023-03-31,-0.0188801393391225
2023-04-03,-0.04348263623096745
2023-04-04,-0.033060107326457776
2023-04-05,-0.02953342710137212
2023-04-06,-0.032776732395397926
2023-04-07,-0.03353756325843296
2023-04-10,-0.012678525825329145
2023-04-11,-0.026464695637667318
2023-04-12,-0.027299129624993222
2023-04-13,-0.038830753735097444
2023-04-14,-0.04052791390781599
2023-04-17,-0.0320649586379659
2023-04-18,-0.031944464943858504
2023-04-19,-0.010117560503618351
2023-04-20,-0.003728041228615699
2023-04-21,-0.0036970547068470127
2023-04-24,-0.006951958589300156
2023-04-25,-0.003050662332843332
2023-04-26,0.009503927578659246
2023-04-27,0.007380502662680686
2023-04-28,0.005213852882574345
2023-05-01,-0.023629469871775485
2023-05-02,-0.030090580622460176
2023-05-03,-0.013570704861965615
2023-05-04,0.001610145059278414
2023-05-05,0.04596562114319059
2023-05-08,0.04675473138563737
2023-05-09,0.026152695139553813
2023-05-10,-0.02650166353349697
2023-05-11,-0.015217194341118843
2023-05-12,-0.009822082070798063
2023-05-15,-0.03604363725724541
2023-05-16,-0.029139351986247772
2023-05-17,-0.017736797540423708
2023-05-18,-0.022270160129065773
2023-05-19,-0.02728013640721907
2023-05-22,-0.025131275247622892
2023-05-23,-0.015483452320448444
2023-05-24,-0.009740565265591385
2023-05-25,-0.023302436932949463
2023-05-26,-0.01438146730938997
2023-05-30,-0.0017038103211408733
2023-05-31,0.0074267700910943205
2023-06-01,-0.00030567995731199443
2023-06-02,0.004398855281186084
2023-06-05,0.004667529945720175
2023-06-06,0.007935619394647634
2023-06-07,0.004909898619002733
2023-06-08,0.014186337185849489
2023-06-09,0.010404851278036108
2023-06-12,-0.0002989138137685908
2023-06-13,-0.0018922866771698473
2023-06-14,0.00628473780227858
2023-06-15,0.006716986855793794
2023-06-16,0.015139691320195115
2023-06-20,-0.004612244690757088
2023-06-21,0.015848561302368346
2023-06-22,0.008708196400384052
2023-06-23,0.00636195673641042
2023-06-26,-0.009457991778299915
2023-06-27,-0.0038994933370373828
2023-06-28,0.003464267368890854
2023-06-29,-0.012198372302024559
2023-06-30,-0.05311293748901652
2023-07-03,-0.05669355096609135
2023-07-05,-0.0531320097320999
2023-07-06,-0.044530899147312876
2023-07-07,-0.037407875289151495
2023-07-10,-0.04650335408996546
2023-07-11,-0.06507648797689841
2023-07-12,-0.06886929987651157
2023-07-13,-0.04991937953503631
2023-07-14,-0.032030057686855275
2023-07-17,-0.040627506704594175
2023-07-18,-0.03042032475531059
2023-07-19,-0.054816858942980114
2023-07-20,-0.09000715249461473
2023-07-21,-0.08022019581833484
2023-07-24,-0.07254896854105997
2023-07-25,-0.07241028244111171
2023-07-26,-0.024589607986785837
2023-07-27,-0.05645150577499388
2023-07-28,-0.0605642098963174
2023-07-31,-0.03550085317203794
2023-08-01,-0.03770416333062889
2023-08-02,-0.03734348130624265
2023-08-03,-0.045517849813366776
2023-08-04,-0.06256090376290821
2023-08-07,-0.06350499236446881
2023-08-08,-0.06134595691305254
2023-08-09,-0.05599232209035298
2023-08-10,-0.06525459745462749
2023-08-11,-0.061549515880150146
2023-08-14,-0.050772385874882836
2023-08-15,-0.02137506402207227
2023-08-16,-0.000255514794088411
2023-08-17,-0.003827029693018869
2023-08-18,-0.0139266388859229
2023-08-21,0.001778383932422472
2023-08-22,0.0058042964686043415
2023-08-23,-0.017258871851962895
2023-08-24,-0.014435556295379173
2023-08-25,-0.023814141135234394
2023-08-28,-0.033659929818411975
2023-08-29,-0.07023252229289369
2023-08-30,-0.05577063366205526
2023-08-31,-0.0692862576510842
2023-09-01,-0.05286335597722388
2023-09-05,-0.020153529891296776
2023-09-06,0.007307525485110612
2023-09-07,-0.023360153511967376
2023-09-08,-0.040144870876565514
2023-09-11,-0.04521419596587763
2023-09-12,-0.040094572391473765
2023-09-13,-0.02804844366468451
2023-09-14,-0.031532501735543915
2023-09-15,-0.028947002141949615
2023-09-18,-0.024830175681246958
2023-09-19,-0.024139029094477533
2023-09-20,-0.008705117868249422
2023-09-21,-0.010920597565652612
2023-09-22,-0.01233585900429398
2023-09-25,-0.012748273893802719
2023-09-26,-0.0056853606710257
2023-09-27,-0.009487927518226823
2023-09-28,-0.013006895314409057
2023-09-29,-0.011058754365359622
2023-10-02,-0.015724091111729042
2023-10-03,-0.01296612850601932
2023-10-04,-0.015422781806606807
2023-10-05,-0.001198880154189513
2023-10-06,0.00693412670298284
2023-10-09,-0.003352628721485443
2023-10-10,0.04941546129535723
2023-10-11,0.061041601639622835
2023-10-12,0.046498967394197406
2023-10-13,0.02616531137246613
2023-10-16,0.044480146749163445
2023-10-17,-0.003443121048719404
2023-10-18,0.041706557786961876
2023-10-19,0.04895440277135293
2023-10-20,0.04988613780877204
2023-10-23,0.044535439951257826
2023-10-24,0.016829963916888332
2023-10-25,0.0002995942589367978
2023-10-26,0.0031723641149145336
2023-10-27,0.03856611821685539
2023-10-30,0.001957254238557526
2023-10-31,0.012012721707324958
2023-11-01,0.021558850463741622
2023-11-02,0.055958937487496925
2023-11-03,0.06996944020554481
2023-11-06,0.06792105415900708
2023-11-07,0.09236779880602473
2023-11-08,0.083122411040611
2023-11-09,0.07777145301138352
2023-11-10,0.0201355688306774
2023-11-13,0.030233104108553968
2023-11-14,0.21128859102872372
2023-11-15,0.2157421597186106
2023-11-16,0.21159007639001573
2023-11-17,0.15102353322806294
2023-11-20,0.13161343359043315
2023-11-21,0.18656438640798922
2023-11-22,0.1558530349848656
2023-11-23,0.13029766701527748
2023-11-24,0.12804693092293548
2023-11-27,0.14818434138193148
2023-11-28,-0.004793185400437104
2023-11-29,-0.02577821044024347
2023-11-30,-0.0023850897963170713
2023-12-01,-0.047472968438189454
2023-12-04,-0.031605783464674325
2023-12-05,-0.008304654635655552
2023-12-06,-0.037525125725776626
2023-12-07,-0.026455305280829365
2023-12-08,-0.03461640394233633
2023-12-11,-0.0326883766551606
2023-12-12,-0.022365204392169668
2023-12-13,0.06438696484369175
2023-12-14,0.059920135598838874
2023-12-15,0.05394029117990898
2023-12-18,0.0529090268608065
2023-12-19,0.062394541728575684
2023-12-20,0.13530882417312992
2023-12-21,0.19914133617386773
2023-12-22,0.17375488622324675
2023-12-26,0.15866528416543463
2023-12-27,0.08557731299402715
2023-12-28,0.05377190961226508
2023-12-29,0.057009308177424334
2024-01-02,0.0677320328087918
2024-01-03,0.05850277373449657
2024-01-04,0.04043877061693168
2024-01-05,-0.0465324953899064
2024-01-08,-0.01932978306363485
2024-01-09,-0.005962435706344466
2024-01-10,0.0077164699263245744
2024-01-11,0.01319533604522319
2024-01-12,0.006695441934255617
2024-01-16,-0.05659318805869937
2024-01-17,-0.043040554867392646
2024-01-18,-0.07389768112633753
2024-01-19,-0.062187752648336175
2024-01-22,-0.08193463341856258
2024-01-23,-0.04829744857924928
2024-01-24,-0.05993663179221946
2024-01-25,-0.06219704954652916
2024-01-26,-0.0613053995024798
2024-01-29,-0.044620277233181196
2024-01-30,-0.055821403159732816
2024-01-31,-0.03046937597283843
2024-02-01,-0.08406730218846109
2024-02-02,-0.03806619697321593
2024-02-05,0.005573438828966493
2024-02-06,0.01570313052776474
2024-02-07,0.06371203329898831
2024-02-08,0.06632579586912044
2024-02-09,0.06626928927761652
2024-02-12,0.05973412584548704
2024-02-13,0.07539881098907683
2024-02-14,0.08938262632084179
2024-02-15,0.06796962930224085
2024-02-16,0.07964667519259205
2024-02-20,0.08926939673424115
2024-02-21,0.08333904858937353
2024-02-22,0.08591797574551117
2024-02-23,0.09201176032077814
2024-02-26,0.07831041573072221
2024-02-27,0.07460785601010018
2024-02-28,-0.017612122029931856
2024-02-29,-0.05435965724572436
2024-03-01,-0.06250163517307217
2024-03-04,-0.060380373537487854
2024-03-05,-0.0664721861022009
2024-03-06,-0.05995552927098714
2024-03-07,-0.04620802638894798
2024-03-08,-0.03059334215110528
2024-03-11,-0.033243114957067124
2024-03-12,-0.07010293347851074
2024-03-13,-0.029558948563195502
2024-03-14,-0.035737008260593735
2024-03-15,-0.04086801368300027
2024-03-18,-0.03776593208903657
2024-03-19,-0.05455347514139368
2024-03-20,-0.06025120892689407
2024-03-21,-0.06562508205610476
2024-03-22,-0.07248230683344806
2024-03-25,-0.07091025090336765
2024-03-26,-0.04254220699074382
2024-03-27,-0.023345494195846122
2024-03-28,-0.05025468805209978
2024-04-01,-0.02997468818275555
2024-04-02,0.0072294883262551115
2024-04-03,-0.0035573919065478594
2024-04-04,-0.01683547946568862
2024-04-05,-0.015620403084785576
2024-04-08,-0.007372340766125002
2024-04-09,0.01870174477660461
2024-04-10,0.04784126758224998
2024-04-11,-0.0037399131619041855
2024-04-12,0.003085376381874685
2024-04-15,0.029749383735483966
2024-04-16,0.010640037349951352
2024-04-17,0.019808586911760635
2024-04-18,0.018951088514422478
2024-04-19,0.016382260059321307
2024-04-22,0.01965214043757032
2024-04-23,-0.015343128673961504
2024-04-24,-0.026503208940795865
2024-04-25,-0.0221371158515768
2024-04-26,-0.01530412823014919
2024-04-29,-0.01599410602964022
2024-04-30,-0.021033998617138668
2024-05-01,0.004900445817568167
2024-05-02,0.010324718136046343
2024-05-03,-0.02446511471794849
2024-05-06,-0.023423954215647996
2024-05-07,-0.02092725780056927
2024-05-08,-0.02215761515213466
2024-05-09,-0.013318799295301687
2024-05-10,-0.014713200885411204
2024-05-13,-0.014213835236082257
2024-05-14,-0.0020486460252680727
2024-05-15,0.002695357715197042
2024-05-16,0.0025624614572132983
2024-05-17,0.0016283281515764663
2024-05-20,0.003950320290539219
2024-05-21,0.007573495916921072
2024-05-22,-0.028120986090928553
2024-05-23,-0.012565362549381703
2024-05-24,-0.006744647539419541
2024-05-28,-0.017464843323446125
2024-05-29,0.01730374335806201
2024-05-30,0.017830193110543867
2024-05-31,0.021376730156265445
2024-06-03,0.005278766199140899
2024-06-04,0.03178396234246306
2024-06-05,0.024228390592738312
2024-06-06,-0.04630447549261768
2024-06-07,-0.0038032098041055062
2024-06-10,-0.019003741975203645
2024-06-11,-0.033262091596346514
2024-06-12,-0.03250519188702894
2024-06-13,-0.042059646324788785
2024-06-14,-0.04213166624879769
2024-06-17,-0.03518865541831131
2024-06-18,-0.055060157818728694
2024-06-20,-0.0747635719618451
2024-06-21,-0.07659523220023064
2024-06-24,-0.07220662172527725
2024-06-25,-0.050043571492426504
2024-06-26,-0.025355151877132175
2024-06-27,-0.03481221845581607
2024-06-28,-0.044724826711786354
2024-07-01,-0.039597527301571185
2024-07-02,-0.03775631538920519
2024-07-03,-0.00386393972291287
2024-07-05,-0.02255267688505147
2024-07-08,-0.021548412810019315
2024-07-09,-0.016830503714815204
2024-07-10,-0.04571204912514378
2024-07-11,0.0015448121346201891
2024-07-12,0.003136495738170664
2024-07-15,0.05435404316574736
2024-07-16,0.06244665111252628
2024-07-17,0.06419923690421576
2024-07-18,0.051509365429296544
2024-07-19,0.06495899142760952
2024-07-22,0.0772521213140215
2024-07-23,0.08451287574401672
2024-07-24,0.07820546350144045
2024-07-25,0.03194052531012761
2024-07-26,0.036091157960831496
2024-07-29,-0.04262337401161942
2024-07-30,-0.029128641559152565
2024-07-31,-0.02426030777871921
2024-08-01,-0.032853653434563854
2024-08-02,0.007765883600385085
2024-08-05,0.11104414840988955
2024-08-06,0.03660861079230983
2024-08-07,0.029559197569032844
2024-08-08,0.013282844935721792
2024-08-09,-0.011753561978822075
2024-08-12,-0.0106354027380813
2024-08-13,-0.021173874353697053
2024-08-14,-0.04529910973833779
2024-08-15,-0.04509078912116162
2024-08-16,-0.04911894627875621
2024-08-19,-0.008796333779072947
2024-08-20,-0.016279500649252467
2024-08-21,-0.027207438752092434
2024-08-22,-0.03526645879168158
2024-08-23,-0.043678775007696256
2024-08-26,-0.04542045489727957
2024-08-27,-0.06199487624740359
2024-08-28,-0.05916305536253427
2024-08-29,-0.06276195145168428
2024-08-30,-0.06424047999100437
2024-09-03,0.024795447890340397
2024-09-04,0.030664945687397867
2024-09-05,0.006423932143795011
2024-09-06,0.025139276343284982
2024-09-09,-0.006989542727163211
2024-09-10,-0.012354499158978507
2024-09-11,0.018797018732666475
2024-09-12,0.024326989359853637
2024-09-13,0.03369422676161288
2024-09-16,0.020222177641386122
2024-09-17,-0.007682598750457494
2024-09-18,-0.007228163529020243
2024-09-19,-0.018741965026569267
2024-09-20,-0.03967171545446213
2024-09-23,-0.0295303965057826
2024-09-24,-0.0484110305428815
2024-09-25,-0.002040468211546635
2024-09-26,-0.0006360139574100563
2024-09-27,0.0012005248183149285
2024-09-30,0.002997522041386448
2024-10-01,0.003472707600675148
2024-10-02,-0.0020148315878375685
2024-10-03,-0.020275169700775825
2024-10-04,-0.02172775197956648
2024-10-07,-0.008460393105438033
2024-10-08,-0.0025354213034892185
2024-10-09,-0.012492006715208663
2024-10-10,-0.02231668171050491
2024-10-11,-0.03209734286024264
2024-10-14,-0.027867736405035187
2024-10-15,-0.01047037162773515
2024-10-16,-0.033613548291305716
2024-10-17,-0.040840136805922675
2024-10-18,-0.02379956622064326
2024-10-21,-0.025849596964993938
2024-10-22,-0.02732439943500397
2024-10-23,-0.03096638596183843
2024-10-24,-0.011476403001443094
2024-10-25,-0.01627373373702615
2024-10-28,0.004898996834063482
2024-10-29,0.005987051717072245
2024-10-30,0.004542120883283137
2024-10-31,0.02099728478860959
2024-11-01,0.020544612667587153
2024-11-04,0.013750866483028649
2024-11-05,-0.014375604496484052
2024-11-06,0.22817169882314853
2024-11-07,0.24107428672014913
2024-11-08,0.24729761701586825
2024-11-11,0.2519099163466283
2024-11-12,0.257001128046799
2024-11-13,0.24486693125623968
2024-11-14,0.23933599563628533
2024-11-15,0.23955273745166827
2024-11-18,0.24288865404030735
2024-11-19,0.21490497058423813
2024-11-20,0.01224226907143844
2024-11-21,-0.005578805537236198
2024-11-22,-0.0020720086665078456
2024-11-25,-0.007443625320965819
2024-11-26,0.0062083687787860015
2024-11-27,0.0011932582303855314
2024-11-29,0.005587215435746343
2024-12-02,0.006917930498311209
2024-12-03,0.013895553741732259
2024-12-04,0.005523780808192151
2024-12-05,7.354558719490796e-06
2024-12-06,0.005838740123366692
2024-12-09,-0.014267726166297576
2024-12-10,-0.007137859000895457
2024-12-11,0.012514991776098333
2024-12-12,0.015217700375146978
2024-12-13,0.009430455987359941
2024-12-16,0.018833509588795323
2024-12-17,0.019887225787676422
2024-12-18,0.03419713035108739
2024-12-19,0.02335286442253322
2024-12-20,0.007694217599634353
2024-12-23,0.004947370942351384
2024-12-24,-0.01599066910193561
2024-12-26,-0.0067242627025140556
2024-12-27,-0.008858709729943005
2024-12-30,-0.014589163883181105
2024-12-31,-0.0118309716033961
