date,xle_cate
2018-01-17,0.04356476776462072
2018-01-18,0.04693756410662832
2018-01-19,0.04846617039597337
2018-01-22,0.06877017488551271
2018-01-23,0.06215477036774089
2018-01-24,0.06400168537035415
2018-01-25,0.07534984839643323
2018-01-26,0.054747494209552675
2018-01-29,0.06557926187303834
2018-01-30,0.08738421571069893
2018-01-31,0.07420854077025955
2018-02-01,0.08726871608952902
2018-02-02,0.15464070364756521
2018-02-05,0.11768094978553269
2018-02-06,0.12480679491740869
2018-02-07,0.130946831597446
2018-02-08,0.15182489485048825
2018-02-09,0.13423524033761508
2018-02-12,0.19333619464901294
2018-02-13,0.19191395485904417
2018-02-14,0.16774152767489572
2018-02-15,0.16255673654304378
2018-02-16,0.14020856881208282
2018-02-20,0.07937464625062675
2018-02-21,0.06900498133612491
2018-02-22,0.06990748482865917
2018-02-23,0.0926343116135277
2018-02-26,0.08048995230218531
2018-02-27,0.08551549941529812
2018-02-28,0.07214323842233065
2018-03-01,0.09487018803456723
2018-03-02,0.08015444986975004
2018-03-05,0.07010116294608523
2018-03-06,0.07493624401334344
2018-03-07,0.10530114881274977
2018-03-08,0.10325175597138679
2018-03-09,0.07648952555837675
2018-03-12,0.07361364039898949
2018-03-13,0.07505158914068576
2018-03-14,0.08287157589061703
2018-03-15,0.07831362460957654
2018-03-16,0.060446422543523094
2018-03-19,0.06940698019267298
2018-03-20,0.07314508525328088
2018-03-21,0.10474834669619695
2018-03-22,0.08027361078478117
2018-03-23,0.08489489195991304
2018-03-26,0.07804897191237012
2018-03-27,0.080106387918837
2018-03-28,0.08587733688839612
2018-03-29,0.09727027622316466
2018-04-02,0.13374265875916302
2018-04-03,0.14379838872170905
2018-04-04,0.1383290413701696
2018-04-05,0.12734288996846024
2018-04-06,0.12463424562234356
2018-04-09,0.11692834073042112
2018-04-10,0.13078657282990294
2018-04-11,0.12418896332071118
2018-04-12,0.08377985945168905
2018-04-13,0.0918685486468849
2018-04-16,0.08202924440616213
2018-04-17,0.0804851588974286
2018-04-18,0.07593616115069476
2018-04-19,0.07808734221576126
2018-04-20,0.04608395145313893
2018-04-23,0.041427210362151634
2018-04-24,0.03131495990647018
2018-04-25,0.03047210592514353
2018-04-26,0.021664474255816538
2018-04-27,0.027082981500682158
2018-04-30,0.0279722635990736
2018-05-01,0.02830498031111303
2018-05-02,0.024303720873020275
2018-05-03,0.023148206770550222
2018-05-04,0.017358656093997307
2018-05-07,0.018481761835999252
2018-05-08,0.011216577670593723
2018-05-09,0.030737242011492638
2018-05-10,0.027354157485958853
2018-05-11,0.01928523278356566
2018-05-14,0.019995809522039196
2018-05-15,0.01457402406085666
2018-05-16,0.016891342855819117
2018-05-17,0.016766878172892033
2018-05-18,0.01888315679526002
2018-05-21,0.019569381472778986
2018-05-22,0.03378251051583471
2018-05-23,0.019115055620053487
2018-05-24,0.032001364883849706
2018-05-25,0.060426269273569935
2018-05-29,0.08108983209264152
2018-05-30,0.050906415525440556
2018-05-31,0.0582586854514812
2018-06-01,0.03322113098522057
2018-06-04,0.024438116519465727
2018-06-05,0.03136611696616749
2018-06-06,0.023135173543635684
2018-06-07,0.024608418202882263
2018-06-08,0.023411732014349162
2018-06-11,0.049513136345983415
2018-06-12,0.05609840843560381
2018-06-13,0.0228575405631722
2018-06-14,0.01808839005778687
2018-06-15,0.042654949144120394
2018-06-18,0.040914150400011465
2018-06-19,0.04379701629945525
2018-06-20,0.0452432491742477
2018-06-21,0.04493341582220478
2018-06-22,0.0655421405565257
2018-06-25,0.08311268864286649
2018-06-26,0.03756074125338698
2018-06-27,0.05984275829003773
2018-06-28,0.0607275595925815
2018-06-29,0.054339291917332416
2018-07-02,0.03981773601538748
2018-07-03,0.04767364291402439
2018-07-05,0.039719716026458504
2018-07-06,0.06843488704276503
2018-07-09,0.06022781138369052
2018-07-10,0.027802378660484028
2018-07-11,0.07195259592004792
2018-07-12,0.05612187876724353
2018-07-13,0.051331625414630266
2018-07-16,0.0757523052641934
2018-07-17,0.06073839500907104
2018-07-18,0.054490946261574774
2018-07-19,0.06417533401622975
2018-07-20,0.05680414537481122
2018-07-23,0.02780996046469947
2018-07-24,0.031453984465707754
2018-07-25,0.018840940146526926
2018-07-26,0.016740477923001058
2018-07-27,0.02279002270058265
2018-07-30,0.012473488463900926
2018-07-31,0.020139148988945147
2018-08-01,0.023887525830461227
2018-08-02,0.02359416214033204
2018-08-03,0.029958374615187223
2018-08-06,0.025249888134950913
2018-08-07,0.017948146324033083
2018-08-08,0.027392472119936073
2018-08-09,0.025944618504276592
2018-08-10,0.03526490001701639
2018-08-13,0.026529767346587584
2018-08-14,0.03175330702467122
2018-08-15,0.09436135082909623
2018-08-16,0.08211853091043111
2018-08-17,0.08002105035750795
2018-08-20,0.07617292676446212
2018-08-21,0.08261759090971478
2018-08-22,0.05309322463292218
2018-08-23,0.05568641287041449
2018-08-24,0.048846168736038004
2018-08-27,0.057179826686819105
2018-08-28,0.049798935342745834
2018-08-29,0.022479984721582177
2018-08-30,0.02399439136888088
2018-08-31,0.027377157545583026
2018-09-04,0.022392099191133892
2018-09-05,0.018148560836250587
2018-09-06,0.019176034696065988
2018-09-07,0.016704720298552037
2018-09-10,0.01715993151392072
2018-09-11,0.019428947213180028
2018-09-12,0.02112616752690787
2018-09-13,0.018169697251336783
2018-09-14,0.01963699669934337
2018-09-17,0.018010715846303465
2018-09-18,0.018834139421937002
2018-09-19,0.017025220313792423
2018-09-20,0.01561778306517924
2018-09-21,0.01543258107179771
2018-09-24,0.015182597160495487
2018-09-25,0.012862201021979103
2018-09-26,0.017864067790899805
2018-09-27,0.013694656865314148
2018-09-28,0.010682701511734945
2018-10-01,0.006456205893981873
2018-10-02,0.007601495362395462
2018-10-03,0.004912472298020878
2018-10-04,0.007680557526396462
2018-10-05,0.0050221741020481745
2018-10-08,0.004322855649951855
2018-10-09,-0.00011748990796243432
2018-10-10,0.07596131973986602
2018-10-11,0.05492351759911696
2018-10-12,0.06025365463118891
2018-10-15,0.06262663257487114
2018-10-16,0.03041611897370322
2018-10-17,0.026919501785790084
2018-10-18,0.0359782751294521
2018-10-19,0.03469694283574477
2018-10-22,0.03680843109171641
2018-10-23,0.06098040627625295
2018-10-24,0.057714817328766155
2018-10-25,0.05301200986799952
2018-10-26,0.06210093154750428
2018-10-29,0.060955921000735824
2018-10-30,0.07768946791196649
2018-10-31,0.1019066571505521
2018-11-01,0.09516964103352434
2018-11-02,0.10356561303916668
2018-11-05,0.12518342099303675
2018-11-06,0.10662238009105726
2018-11-07,0.06618267943358622
2018-11-08,0.02369470335240511
2018-11-09,0.03793357984730823
2018-11-12,0.04632212361983425
2018-11-13,0.06552561372565562
2018-11-14,0.07264707435832134
2018-11-15,0.06030128205635827
2018-11-16,0.061737753415527966
2018-11-19,0.05969128082594664
2018-11-20,0.11413273986493241
2018-11-21,0.11558424898680109
2018-11-23,0.13717854122313172
2018-11-26,0.14146197344118075
2018-11-27,0.12087178881082744
2018-11-28,0.12754744600187823
2018-11-29,0.1254890627426396
2018-11-30,0.12838603435510498
2018-12-03,0.13546550649434197
2018-12-04,0.16714810146265305
2018-12-06,0.16151738198418886
2018-12-07,0.14323332419421012
2018-12-10,0.10978467756283783
2018-12-11,0.09192870649880817
2018-12-12,0.09219132858525021
2018-12-13,0.07602121627185185
2018-12-14,0.08995398749608693
2018-12-17,0.0920428829919221
2018-12-18,0.11220907941881302
2018-12-19,0.10774557163041706
2018-12-20,0.10421181626923912
2018-12-21,0.09809054087128555
2018-12-24,0.10004181441103115
2018-12-26,0.36764140872656714
2018-12-27,0.3706359936754604
2018-12-28,0.33525460154619224
2018-12-31,0.31534655612936136
2019-01-02,0.3304991268648245
2019-01-03,0.3141143441931994
2019-01-04,0.36469741797345645
2019-01-07,0.29394769514916075
2019-01-08,0.261998042682504
2019-01-09,0.16614677973183825
2019-01-10,0.0691402086558879
2019-01-11,0.07159710892338692
2019-01-14,0.07105898346720994
2019-01-15,0.07274352626210465
2019-01-16,0.07151352869713738
2019-01-17,0.06333707069813867
2019-01-18,0.09121773835330695
2019-01-22,0.07651229590378361
2019-01-23,0.06962547010017318
2019-01-24,0.057348641371633056
2019-01-25,0.08306934976447818
2019-01-28,0.0743455024271249
2019-01-29,0.06602046997672664
2019-01-30,0.08900391257717319
2019-01-31,0.08717729749614596
2019-02-01,0.07077528450138604
2019-02-04,0.08567736142762711
2019-02-05,0.055770870129941634
2019-02-06,0.0634307424782494
2019-02-07,0.07680036356753067
2019-02-08,0.05424425104232649
2019-02-11,0.05057327638517737
2019-02-12,0.06572384117784788
2019-02-13,0.06556639780794486
2019-02-14,0.06998864898861763
2019-02-15,0.06362732698155656
2019-02-19,0.06417170299661597
2019-02-20,0.06908538293424052
2019-02-21,0.09446001711397212
2019-02-22,0.052393214317550646
2019-02-25,0.06363355295622637
2019-02-26,0.061898441925002615
2019-02-27,0.055345252554562206
2019-02-28,0.060618832234454016
2019-03-01,0.07396629541952339
2019-03-04,0.06327154119320645
2019-03-05,0.062121217816022596
2019-03-06,0.06308456245327082
2019-03-07,0.06345507776582075
2019-03-08,0.06281009451815175
2019-03-11,0.0768280222113099
2019-03-12,0.07743532459066353
2019-03-13,0.0886543932033677
2019-03-14,0.07964733730975725
2019-03-15,0.06535478096179245
2019-03-18,0.0665257285001789
2019-03-19,0.06260787435281794
2019-03-20,0.05603968848381002
2019-03-21,0.0509927726486191
2019-03-22,0.09413198291758888
2019-03-25,0.06889684802650728
2019-03-26,0.08568977236985889
2019-03-27,0.07883770705555229
2019-03-28,0.0877837476250658
2019-03-29,0.08613045854587296
2019-04-01,0.08277123330850814
2019-04-02,0.08726790904149712
2019-04-03,0.08767251512930126
2019-04-04,0.0889875346384847
2019-04-05,0.051567539670443426
2019-04-08,0.04254841855711334
2019-04-09,0.04173242332730196
2019-04-10,0.04252531038429499
2019-04-11,0.046280748891156416
2019-04-12,0.041843811539539005
2019-04-15,0.03528654432755574
2019-04-16,0.036483151761202204
2019-04-17,0.035003339906725175
2019-04-18,0.0324883607829395
2019-04-22,0.027999787828567286
2019-04-23,0.02701967990613358
2019-04-24,0.040402166289503855
2019-04-25,0.03973185556839785
2019-04-26,0.059546006330294055
2019-04-29,0.055570789294822835
2019-04-30,0.05557617868967683
2019-05-01,0.06379778962358164
2019-05-02,0.0863622869963904
2019-05-03,0.08204820313322621
2019-05-06,0.03652988316426482
2019-05-07,0.048983856761748136
2019-05-08,0.0452191413378455
2019-05-09,0.04440151575326027
2019-05-10,0.038293117625641845
2019-05-13,0.06951007450779009
2019-05-14,0.06447445495282547
2019-05-15,0.0533182957759061
2019-05-16,0.031791876961204245
2019-05-17,0.036740149565233346
2019-05-20,0.037175106470160854
2019-05-21,0.033989174627960264
2019-05-22,0.053477714616221035
2019-05-23,0.09360837706492973
2019-05-24,0.07068195501242872
2019-05-28,0.08747073240510703
2019-05-29,0.09041312091017714
2019-05-30,0.10140192314822825
2019-05-31,0.08490816515385968
2019-06-03,0.05902960864832208
2019-06-04,0.1190689423736391
2019-06-05,0.08907175369290901
2019-06-06,0.11708855195392727
2019-06-07,0.09758838018424261
2019-06-10,0.08276952677851193
2019-06-11,0.0887808133122308
2019-06-12,0.07240461498869583
2019-06-13,0.07315445329841727
2019-06-14,0.052206612542216736
2019-06-17,0.04505121517350543
2019-06-18,0.0528578867354036
2019-06-19,0.04663323462031208
2019-06-20,0.06715264167852311
2019-06-21,0.056583256337489424
2019-06-24,0.05958205057902679
2019-06-25,0.07504847832308728
2019-06-26,0.059370699232907664
2019-06-27,0.057901985948277494
2019-06-28,0.05496424230476011
2019-07-01,0.06575035009691396
2019-07-02,0.09503045904484544
2019-07-03,0.09872636053929017
2019-07-05,0.07101908782248187
2019-07-08,0.06419234642804741
2019-07-09,0.06358703006009597
2019-07-10,0.052230240490703156
2019-07-11,0.05135899616544451
2019-07-12,0.04159094380948697
2019-07-15,0.04495774890012853
2019-07-16,0.07470380362368083
2019-07-17,0.05696381196553611
2019-07-18,0.04863222751541027
2019-07-19,0.0578502101516958
2019-07-22,0.06274896624927483
2019-07-23,0.06317918350751643
2019-07-24,0.0606312043069502
2019-07-25,0.06467940283975893
2019-07-26,0.0607040792940239
2019-07-29,0.06314560757323168
2019-07-30,0.0547468255934725
2019-07-31,0.052812324459051034
2019-08-01,0.048086454074721376
2019-08-02,0.05777242921789563
2019-08-05,0.09015442537553335
2019-08-06,0.07053591905933634
2019-08-07,0.07408037250137235
2019-08-08,0.1575290701195983
2019-08-09,0.134655110519157
2019-08-12,0.1395274987171436
2019-08-13,0.13508120292295328
2019-08-14,0.18710052512228037
2019-08-15,0.194428638817106
2019-08-16,0.2020133808331997
2019-08-19,0.20887389865362704
2019-08-20,0.21623307258658678
2019-08-21,0.20136595837843732
2019-08-22,0.1592384854206023
2019-08-23,0.20535938748141178
2019-08-26,0.20554956758617507
2019-08-27,0.1849176743834062
2019-08-28,0.10405097370174231
2019-08-29,0.11837365301379454
2019-08-30,0.09857280079476603
2019-09-03,0.08877513626615734
2019-09-04,0.09287162090867881
2019-09-05,0.07908968026305346
2019-09-06,0.07338107125153179
2019-09-09,0.062394364271009015
2019-09-10,0.05511219127364204
2019-09-11,0.04286647729446141
2019-09-12,0.04047508653560359
2019-09-13,0.04264051436846615
2019-09-16,0.07556825800017673
2019-09-17,0.0975210078976919
2019-09-18,0.09118816099068591
2019-09-19,0.08975201152999976
2019-09-20,0.07711607707100679
2019-09-23,0.08065187447319987
2019-09-24,0.09813143518465241
2019-09-25,0.07597345556838198
2019-09-26,0.07808948354005671
2019-09-27,0.08822297492108512
2019-09-30,0.040384529022353975
2019-10-01,0.05536709455595249
2019-10-02,0.08035616550863425
2019-10-03,0.06940248721210275
2019-10-04,0.08943413271504329
2019-10-07,0.076883879216467
2019-10-08,0.07908510389444515
2019-10-09,0.07415385730000042
2019-10-10,0.08562302242247437
2019-10-11,0.091682794063957
2019-10-14,0.096857382108527
2019-10-15,0.07481354586779211
2019-10-16,0.05330735617154463
2019-10-17,0.051076466744191994
2019-10-18,0.054962361824636104
2019-10-21,0.06472234585654955
2019-10-22,0.04605722106124138
2019-10-23,0.03824779352431709
2019-10-24,0.04002040436746906
2019-10-25,0.06008633553410075
2019-10-28,0.05817438081639373
2019-10-29,0.05558312654014513
2019-10-30,0.05706874750838517
2019-10-31,0.0511480680267071
2019-11-01,0.07222517677258194
2019-11-04,0.09800872319737414
2019-11-05,0.0904281555863913
2019-11-06,0.11819864726148799
2019-11-07,0.12695845213131723
2019-11-08,0.12410176163977621
2019-11-11,0.12452035733062844
2019-11-12,0.12861306107994638
2019-11-13,0.10633708725519724
2019-11-14,0.10488431640037958
2019-11-15,0.09124011691511141
2019-11-18,0.07535760017192246
2019-11-19,0.05555715799466502
2019-11-20,0.07238457256409346
2019-11-21,0.0710214112764841
2019-11-22,0.0729821385948073
2019-11-25,0.07248940615148093
2019-11-26,0.07296213818224795
2019-11-27,0.0707677096783858
2019-11-29,0.07533452918567848
2019-12-02,0.04411981894330996
2019-12-03,0.03950251501179533
2019-12-04,0.06837828381090565
2019-12-05,0.0701682951903436
2019-12-06,0.07705324115965985
2019-12-09,0.06379815943806366
2019-12-10,0.06278027109650697
2019-12-11,0.06279057411921968
2019-12-12,0.08156736246308544
2019-12-13,0.07608686263314764
2019-12-16,0.0820070879573987
2019-12-17,0.05894247337847617
2019-12-18,0.05181470523628247
2019-12-19,0.04608209558203898
2019-12-20,0.04587505375830522
2019-12-23,0.04350570650212301
2019-12-24,0.045245839633420895
2019-12-26,0.0407747116632812
2019-12-27,0.038562356810989254
2019-12-30,0.03549011739283963
2019-12-31,0.0463014140208253
2020-01-02,0.04317689631216094
2020-01-03,0.03238301856993105
2020-01-06,0.032789691827350996
2020-01-07,0.03712509356375248
2020-01-08,0.05525829714618155
2020-01-09,0.059369791056528315
2020-01-10,0.06753239930511352
2020-01-13,0.06728907016194262
2020-01-14,0.06432365293640692
2020-01-15,0.06447077349419417
2020-01-16,0.061818259100921605
2020-01-17,0.06101711128280425
2020-01-21,0.07083625733973868
2020-01-22,0.07383164700380343
2020-01-23,0.053240866332872186
2020-01-24,0.04158143061977231
2020-01-27,0.05244732776126052
2020-01-28,0.048414145414432064
2020-01-29,0.049647868623957245
2020-01-30,0.06870167369884761
2020-01-31,0.07753938072836669
2020-02-03,0.09121135943069045
2020-02-04,0.09048071315764987
2020-02-05,0.21045452541749382
2020-02-06,0.2180323341276601
2020-02-07,0.21820621563640893
2020-02-10,0.1877322427844499
2020-02-11,0.19080530288400302
2020-02-12,0.19893354699532612
2020-02-13,0.18747574022056862
2020-02-14,0.10408495824897668
2020-02-18,0.09111288852123885
2020-02-19,0.08486094953620663
2020-02-20,0.059125991497790235
2020-02-21,0.08606170129553771
2020-02-24,0.17768412033681558
2020-02-25,0.25692023156901533
2020-02-26,0.25509420044568065
2020-02-27,0.280199709906841
2020-02-28,0.31198535301072466
2020-03-02,0.4964178780141778
2020-03-03,0.5273227360785228
2020-03-04,0.513400967830421
2020-03-05,0.5762878516144552
2020-03-06,0.619493238721366
2020-03-09,0.836753521022433
2020-03-10,0.8722894537502799
2020-03-11,0.8884067984116614
2020-03-12,0.9024032674759614
2020-03-13,0.8962038012073392
2020-03-16,0.8947341093563915
2020-03-17,0.9064606688033628
2020-03-18,0.9056534112107302
2020-03-19,0.9062278851266493
2020-03-20,0.9108484268613665
2020-03-23,0.9074489966307284
2020-03-24,0.9159182238533415
2020-03-25,0.9140448803363963
2020-03-26,0.9162376501925509
2020-03-27,0.8867052464558733
2020-03-30,0.8722185742796185
2020-03-31,0.8722185742796185
2020-04-01,0.8588900322615247
2020-04-02,0.8588900322615247
2020-04-03,0.8430943620800788
2020-04-06,0.8476587283038273
2020-04-07,0.8998299214891062
2020-04-08,0.9061291457592088
2020-04-09,0.8932241549286809
2020-04-13,0.8667065864935755
2020-04-14,0.8676536192538077
2020-04-15,0.8464757036861683
2020-04-16,0.8415140321528762
2020-04-17,0.851862820609335
2020-04-20,0.8588900322615247
2020-04-21,0.8504910108133336
2020-04-22,0.8562692044019505
2020-04-23,0.8386931221212255
2020-04-24,0.832600993739066
2020-04-27,0.8170329141897537
2020-04-28,0.8225305444369015
2020-04-29,0.7941331263049504
2020-04-30,0.8045644901710828
2020-05-01,0.7997943234868712
2020-05-04,0.7891970721965177
2020-05-05,0.7285259945424117
2020-05-06,0.8174586402090251
2020-05-07,0.7262339557836389
2020-05-08,0.7408519582952025
2020-05-11,0.7781558528649122
2020-05-12,0.7867028776037178
2020-05-13,0.7253608067578535
2020-05-14,0.6887726289716475
2020-05-15,0.5359760626189033
2020-05-18,0.7616554852353884
2020-05-19,0.7539239640848446
2020-05-20,0.696522428629983
2020-05-21,0.7064400623600926
2020-05-22,0.6547260424652535
2020-05-26,0.6575659337602878
2020-05-27,0.6497322287495422
2020-05-28,0.6220465639317079
2020-05-29,0.5903890098238392
2020-06-01,0.5756265435830351
2020-06-02,0.36800413426947537
2020-06-03,0.41557851233894516
2020-06-04,0.390556670736592
2020-06-05,0.4571993427489348
2020-06-08,0.49156164564634586
2020-06-09,0.6031901435583851
2020-06-10,0.670605036172345
2020-06-11,0.811784150093642
2020-06-12,0.828028386615714
2020-06-15,0.8140876727010888
2020-06-16,0.8268549443405961
2020-06-17,0.8197305512147087
2020-06-18,0.7645027831475625
2020-06-19,0.7408706275910784
2020-06-22,0.6507970595562439
2020-06-23,0.6655307292042983
2020-06-24,0.718469114575705
2020-06-25,0.4185504284092504
2020-06-26,0.47732233875819446
2020-06-29,0.41495163729594914
2020-06-30,0.4240109938759571
2020-07-01,0.35809241669086583
2020-07-02,0.3147012422886913
2020-07-06,0.31496773901197794
2020-07-07,0.3646082954528388
2020-07-08,0.34355304089155153
2020-07-09,0.35023283114160353
2020-07-10,0.35260351090810943
2020-07-13,0.3171068755858826
2020-07-14,0.39760402635226627
2020-07-15,0.35426563886045925
2020-07-16,0.31270148504417866
2020-07-17,0.3250859340048895
2020-07-20,0.3400966222900209
2020-07-21,0.45747002652704694
2020-07-22,0.4682482391303037
2020-07-23,0.304217262472106
2020-07-24,0.30367343803725166
2020-07-27,0.30687290064045636
2020-07-28,0.28513419162419956
2020-07-29,0.2927643272977294
2020-07-30,0.3392196907963349
2020-07-31,0.31479604394345956
2020-08-03,0.3115582567857597
2020-08-04,0.21370198839268137
2020-08-05,0.2194803668458687
2020-08-06,0.22077616885120493
2020-08-07,0.2152833867732318
2020-08-10,0.27060321872009196
2020-08-11,0.27260090471324366
2020-08-12,0.22172609375154298
2020-08-13,0.15456675417555688
2020-08-14,0.14783626809879602
2020-08-17,0.14862942622283937
2020-08-18,0.13744811611326305
2020-08-19,0.14927872772040518
2020-08-20,0.17255838325692446
2020-08-21,0.17457280780350679
2020-08-24,0.16241301535787528
2020-08-25,0.14817800292469163
2020-08-26,0.15793550768200257
2020-08-27,0.1606018413040336
2020-08-28,0.1754379508697278
2020-08-31,0.15496243303732407
2020-09-01,0.1604158082260253
2020-09-02,0.16155985281702578
2020-09-03,0.13415844689324513
2020-09-04,0.15867082019600984
2020-09-08,0.2240759558691873
2020-09-09,0.23849489710953245
2020-09-10,0.25687415166309896
2020-09-11,0.26556055008126644
2020-09-14,0.2551887857081407
2020-09-15,0.2383052560222962
2020-09-16,0.3190666671106011
2020-09-17,0.2665312699927854
2020-09-18,0.2829950781846593
2020-09-21,0.3466893530075296
2020-09-22,0.30205503505162284
2020-09-23,0.34943892620993805
2020-09-24,0.31110512407851776
2020-09-25,0.32041281199291055
2020-09-28,0.33869660797188417
2020-09-29,0.36681810074955984
2020-09-30,0.3255945207602535
2020-10-01,0.32789417739164245
2020-10-02,0.3595955383822235
2020-10-05,0.40318131609175123
2020-10-06,0.34584581527136227
2020-10-07,0.326130038501986
2020-10-08,0.30182262945314375
2020-10-09,0.35517579147754796
2020-10-12,0.3866653227281929
2020-10-13,0.3406483188052646
2020-10-14,0.27076142384423524
2020-10-15,0.19037944044568897
2020-10-16,0.28677850798487275
2020-10-19,0.24070515877273
2020-10-20,0.2044609548046927
2020-10-21,0.2985989763189762
2020-10-22,0.33265067384742375
2020-10-23,0.32936206666203405
2020-10-26,0.3792140748630432
2020-10-27,0.37731594735912416
2020-10-28,0.485950473364196
2020-10-29,0.6016749298936164
2020-10-30,0.5892390562497694
2020-11-02,0.6160665223022809
2020-11-03,0.5893235110575425
2020-11-04,0.5207165014414142
2020-11-05,0.414003619795817
2020-11-06,0.44307017154384853
2020-11-09,0.7544732608818613
2020-11-10,0.6938088409984785
2020-11-11,0.6569045558546437
2020-11-12,0.6922002694849624
2020-11-13,0.717537237858849
2020-11-16,0.7191420643623009
2020-11-17,0.7143217389622689
2020-11-18,0.7140731857087129
2020-11-19,0.7113989336828626
2020-11-20,0.7111847048578596
2020-11-23,0.5384745206137953
2020-11-24,0.578994242078096
2020-11-25,0.5995991923292642
2020-11-27,0.5275662284720036
2020-11-30,0.6212128056040042
2020-12-01,0.5886760017032217
2020-12-02,0.5984282249977341
2020-12-03,0.5463295515913799
2020-12-04,0.6013778210431932
2020-12-07,0.6118528307139325
2020-12-08,0.520682827386886
2020-12-09,0.47010687494416725
2020-12-10,0.4689355692681642
2020-12-11,0.46714560686464324
2020-12-14,0.3334006580056449
2020-12-15,0.3414790653880158
2020-12-16,0.3161486671113684
2020-12-17,0.3115170276277349
2020-12-18,0.2697991087853443
2020-12-21,0.2549149206877483
2020-12-22,0.2363513813201237
2020-12-23,0.29424130117191677
2020-12-24,0.18029650739173722
2020-12-28,0.1768839315953307
2020-12-29,0.14888750381146032
2020-12-30,0.14777927813370248
2020-12-31,0.14884892072551395
2021-01-04,0.13041374430261074
2021-01-05,0.22883394274801103
2021-01-06,0.2647317837689507
2021-01-07,0.21329611180957342
2021-01-08,0.19766501551557597
2021-01-11,0.1896352355548733
2021-01-12,0.19850134563612873
2021-01-13,0.20773005710359782
2021-01-14,0.22578662613832207
2021-01-15,0.3252084058631652
2021-01-19,0.3225077571157696
2021-01-20,0.29022728350426036
2021-01-21,0.3020649980138443
2021-01-22,0.3085989332658037
2021-01-25,0.31921708174198526
2021-01-26,0.3155967717511656
2021-01-27,0.2463502572960098
2021-01-28,0.2631188553402852
2021-01-29,0.22112692366929693
2021-02-01,0.16303894747309514
2021-02-02,0.1691434075892238
2021-02-03,0.3057426489432887
2021-02-04,0.2686581552899396
2021-02-05,0.26149246251308395
2021-02-08,0.2744536222018998
2021-02-09,0.27459703919698053
2021-02-10,0.26878499451072524
2021-02-11,0.27502210454236725
2021-02-12,0.19645984310215023
2021-02-16,0.18985758156003502
2021-02-17,0.18294049606643467
2021-02-18,0.21895542940285398
2021-02-19,0.21947978390246853
2021-02-22,0.24840837712644218
2021-02-23,0.19006277265627153
2021-02-24,0.1777687000451678
2021-02-25,0.18860746661297267
2021-02-26,0.2193020871391388
2021-03-01,0.25188789902214864
2021-03-02,0.2437020764286916
2021-03-03,0.23304088450964383
2021-03-04,0.19148973462499025
2021-03-05,0.20707304883112798
2021-03-08,0.2000448275820936
2021-03-09,0.2285667980661674
2021-03-10,0.22467107832284203
2021-03-11,0.18895935922689772
2021-03-12,0.1079016548249096
2021-03-15,0.11725591361635486
2021-03-16,0.1870965092323174
2021-03-17,0.18134556964150458
2021-03-18,0.23333358645337873
2021-03-19,0.18099055962909866
2021-03-22,0.17013369706798068
2021-03-23,0.1962221528897895
2021-03-24,0.18982793669634737
2021-03-25,0.19302407508535246
2021-03-26,0.19321642729263763
2021-03-29,0.19176832039328426
2021-03-30,0.17840615450228547
2021-03-31,0.17904427474927462
2021-04-01,0.12045267307567692
2021-04-02,0.12201018738783413
2021-04-05,0.1564850736536287
2021-04-06,0.12345487687901259
2021-04-07,0.11442176370898614
2021-04-08,0.13203603311309062
2021-04-09,0.09179748792565798
2021-04-12,0.09067261224027393
2021-04-13,0.08964666943446778
2021-04-14,0.11570841462094168
2021-04-15,0.07582146222345763
2021-04-16,0.07077782377176522
2021-04-19,0.06054299779150085
2021-04-20,0.05986624884984812
2021-04-21,0.09341502603517096
2021-04-22,0.07065275824474712
2021-04-23,0.09348735939810185
2021-04-26,0.09613258445785991
2021-04-27,0.10452644815407468
2021-04-28,0.13233140083742478
2021-04-29,0.12076899540333393
2021-04-30,0.15183132660071175
2021-05-03,0.18295438598100747
2021-05-04,0.10401914366837228
2021-05-05,0.15507588636397115
2021-05-06,0.11530402164435614
2021-05-07,0.1498081658432787
2021-05-10,0.13264028640873446
2021-05-11,0.19353596504998077
2021-05-12,0.13345807662069192
2021-05-13,0.20106286359391423
2021-05-14,0.1562300788323344
2021-05-17,0.13958179963261091
2021-05-18,0.19005957276881486
2021-05-19,0.20070366297030057
2021-05-20,0.19632099103512443
2021-05-21,0.16642224802148237
2021-05-24,0.1764554877212015
2021-05-25,0.1655474172495482
2021-05-26,0.18701187319485044
2021-05-27,0.1807302313003701
2021-05-28,0.09452190326128315
2021-06-01,0.16711418858571328
2021-06-02,0.14849188711028988
2021-06-03,0.056051189070268896
2021-06-04,0.05628712289488544
2021-06-07,0.06419635578817903
2021-06-08,0.07665173652151873
2021-06-09,0.07239529190304099
2021-06-10,0.0692773993189162
2021-06-11,0.06548006968628228
2021-06-14,0.0655405537829704
2021-06-15,0.03541776160326963
2021-06-16,0.01626371374099567
2021-06-17,0.06872181899955287
2021-06-18,0.0710621305995892
2021-06-21,0.1641183729486794
2021-06-22,0.17277369978331417
2021-06-23,0.16097974363446882
2021-06-24,0.16436389273086982
2021-06-25,0.16314957945643463
2021-06-28,0.21716185186911136
2021-06-29,0.19618373297528233
2021-06-30,0.2055129812123441
2021-07-01,0.1652260090334773
2021-07-02,0.13130640996444531
2021-07-06,0.1513391344421963
2021-07-07,0.16053274317953517
2021-07-08,0.1265444329833057
2021-07-09,0.1534006543782209
2021-07-12,0.1511767116927175
2021-07-13,0.07295260510740778
2021-07-14,0.15072866948544905
2021-07-15,0.16386905848634653
2021-07-16,0.09117229502716145
2021-07-19,0.17365586993192306
2021-07-20,0.17310621336477305
2021-07-21,0.24253441209078946
2021-07-22,0.23396571877379457
2021-07-23,0.2002268157477468
2021-07-26,0.22936984155620854
2021-07-27,0.22213654465969182
2021-07-28,0.2024372747175668
2021-07-29,0.19761210117008662
2021-07-30,0.18589209646129073
2021-08-02,0.1125427797551713
2021-08-03,0.1364126955071228
2021-08-04,0.11611069690698782
2021-08-05,0.11863668148093508
2021-08-06,0.11289917008795292
2021-08-09,0.11057163861397785
2021-08-10,0.10866443102753176
2021-08-11,0.09387655954689211
2021-08-12,0.08779839281830258
2021-08-13,0.09594011608256807
2021-08-16,0.10602761977876696
2021-08-17,0.10852173410006734
2021-08-18,0.1135012263289194
2021-08-19,0.11409268009690333
2021-08-20,0.10231524466567905
2021-08-23,0.21769859666503974
2021-08-24,0.20581164699545032
2021-08-25,0.19347916868870185
2021-08-26,0.18128702820344852
2021-08-27,0.2204491650384091
2021-08-30,0.20846871032504719
2021-08-31,0.21415945996777036
2021-09-01,0.20216629057629842
2021-09-02,0.18352804845436332
2021-09-03,0.1879040370594612
2021-09-07,0.08863495341518336
2021-09-08,0.09376412634283596
2021-09-09,0.09178629470739824
2021-09-10,0.09508976512323462
2021-09-13,0.077160328160462
2021-09-14,0.078537944755968
2021-09-15,0.1494594585722953
2021-09-16,0.1301119681523054
2021-09-17,0.11003158701891005
2021-09-20,0.17844062824540638
2021-09-21,0.17867379059249408
2021-09-22,0.17709097678388735
2021-09-23,0.1826269679532176
2021-09-24,0.19104617134360233
2021-09-27,0.1906627601566066
2021-09-28,0.18757457271628528
2021-09-29,0.15946265692021766
2021-09-30,0.16912877674233923
2021-10-01,0.15577993953257077
2021-10-04,0.11027475675608697
2021-10-05,0.07685072076611103
2021-10-06,0.1081610845606093
2021-10-07,0.040255850254715585
2021-10-08,0.06622916137988416
2021-10-11,0.026813745164567165
2021-10-12,0.030762927236347867
2021-10-13,0.026858311331710766
2021-10-14,0.03547061432555358
2021-10-15,0.01964252588266792
2021-10-18,0.018798505190897832
2021-10-19,0.014484864990962356
2021-10-20,0.006540926544282085
2021-10-21,0.020045983851250778
2021-10-22,0.006135273375715631
2021-10-25,0.0030714524711875552
2021-10-26,0.007271405591087379
2021-10-27,0.026362347811701926
2021-10-28,0.023000422087731426
2021-10-29,0.021168758338985637
2021-11-01,0.024213945275546843
2021-11-02,0.02069649917270431
2021-11-03,0.026918044862083577
2021-11-04,0.03660896729056479
2021-11-05,0.040803059246712944
2021-11-08,0.03821228710081195
2021-11-09,0.03957888829882672
2021-11-10,0.022644418391384976
2021-11-11,0.032115941132129025
2021-11-12,0.025486523487638215
2021-11-15,0.033745045204925404
2021-11-16,0.027915713108210886
2021-11-17,0.03733348404718139
2021-11-18,0.03525660859684677
2021-11-19,0.0534077969972925
2021-11-22,0.06539063545311155
2021-11-23,0.12198474784556597
2021-11-24,0.09952332658186945
2021-11-26,0.2009328916737287
2021-11-29,0.20771644989697646
2021-11-30,0.24337879581602134
2021-12-01,0.22570189192173484
2021-12-02,0.27009890952703985
2021-12-03,0.2885781697049595
2021-12-06,0.21010054442090742
2021-12-07,0.18514923628709196
2021-12-08,0.13809382199775333
2021-12-09,0.1571958532544983
2021-12-10,0.054358250260002274
2021-12-13,0.12203968272740805
2021-12-14,0.09537460693962237
2021-12-15,0.06991395878747604
2021-12-16,0.05844020829969417
2021-12-17,0.08082278047354628
2021-12-20,0.09185208557893074
2021-12-21,0.0761801277233366
2021-12-22,0.05015676758384916
2021-12-23,0.04851026014930447
2021-12-27,0.096331773620965
2021-12-28,0.05002205869824046
2021-12-29,0.048709489170573765
2021-12-30,0.048897593266823865
2021-12-31,0.053337887160902576
2022-01-03,0.05885763564525931
2022-01-04,0.06495173573547154
2022-01-05,0.027582844147812487
2022-01-06,0.03324294517491695
2022-01-07,0.030123426519263446
2022-01-10,0.03693658550241417
2022-01-11,0.03479555821261821
2022-01-12,0.027561532696233338
2022-01-13,0.028791067154489876
2022-01-14,0.019211861940139064
2022-01-18,0.03543905388566556
2022-01-19,0.030319101930157313
2022-01-20,0.02663798598157187
2022-01-21,0.03408643141652239
2022-01-24,0.03385596980046117
2022-01-25,0.07146105636671779
2022-01-26,0.030452211479152305
2022-01-27,0.03294320494087336
2022-01-28,0.04450447460321174
2022-01-31,0.029165789409636322
2022-02-01,0.0893546349492331
2022-02-02,0.07555520010234221
2022-02-03,0.07221121127757014
2022-02-04,0.030402609476908753
2022-02-07,0.028585085638488925
2022-02-08,0.028746769126812333
2022-02-09,0.013901857311735575
2022-02-10,0.028116988423893534
2022-02-11,0.031498897859611935
2022-02-14,0.10552726083637502
2022-02-15,0.03486475747166301
2022-02-16,0.03201045901348562
2022-02-17,0.03387602642875015
2022-02-18,0.02084110673966735
2022-02-22,0.012233613329091477
2022-02-23,0.01209211008132815
2022-02-24,0.005969237865614609
2022-02-25,0.02713657064184271
2022-02-28,0.004148475515866871
2022-03-01,0.0007409143139163349
2022-03-02,-0.007652472631299873
2022-03-03,-0.0063127586711347345
2022-03-04,-0.005176601985364876
2022-03-07,0.0021394026059280355
2022-03-08,0.0135336103085984
2022-03-09,0.023330631135117966
2022-03-10,0.021231711448188067
2022-03-11,0.03693353960967482
2022-03-14,0.09194815485765888
2022-03-15,0.1972498334507905
2022-03-16,0.18155321240087105
2022-03-17,0.21077439077154256
2022-03-18,0.16767188283848433
2022-03-21,0.24020897509580275
2022-03-22,0.2246311986574145
2022-03-23,0.17012823078630818
2022-03-24,0.13586890539035318
2022-03-25,0.14212138676758718
2022-03-28,0.12645128599109273
2022-03-29,0.07864622580961161
2022-03-30,0.06515693527680125
2022-03-31,0.05796361021036306
2022-04-01,0.053063912812876035
2022-04-04,-0.0038795465997359026
2022-04-05,0.006052961847565718
2022-04-06,0.00815559987428995
2022-04-07,0.004581256877148315
2022-04-08,0.009861559951745666
2022-04-11,0.030470345641099347
2022-04-12,0.024159445318736178
2022-04-13,0.029673083847065105
2022-04-14,0.0111896359202131
2022-04-18,0.013422562651201037
2022-04-19,0.018039202098364238
2022-04-20,-0.0015346979939003438
2022-04-21,0.11576354200279709
2022-04-22,0.11509653624265453
2022-04-25,0.12529150831989258
2022-04-26,0.06622476344443338
2022-04-27,0.05322570601385231
2022-04-28,0.10421668626003683
2022-04-29,0.11188419425914171
2022-05-02,0.10588648732234228
2022-05-03,0.18815427215773506
2022-05-04,0.2475655556090339
2022-05-05,0.21175899143109359
2022-05-06,0.20507999434658664
2022-05-09,0.583304509678802
2022-05-10,0.5652736428365392
2022-05-11,0.533980317416929
2022-05-12,0.5030033189644562
2022-05-13,0.45817759882264936
2022-05-16,0.47470038893723865
2022-05-17,0.4400552101897136
2022-05-18,0.4598685681952454
2022-05-19,0.42228333572593735
2022-05-20,0.39483555256771763
2022-05-23,0.010225876979012725
2022-05-24,0.010103503339504973
2022-05-25,0.020945526173330432
2022-05-26,0.01561594507561058
2022-05-27,0.005893918852632158
2022-05-31,0.005759342540707417
2022-06-01,0.006897112707042593
2022-06-02,0.017198096416771662
2022-06-03,0.01737767947105395
2022-06-06,0.01631384452871777
2022-06-07,0.013309446095123707
2022-06-08,0.013524925217443485
2022-06-09,0.005576190611811719
2022-06-10,0.01258587898184338
2022-06-13,0.16918038660892173
2022-06-14,0.14542114649731794
2022-06-15,0.12176671952062977
2022-06-16,0.28945870221461156
2022-06-17,0.29786354337220194
2022-06-21,0.47103788980835926
2022-06-22,0.3934212582393063
2022-06-23,0.37498036403403767
2022-06-24,0.405368366080662
2022-06-27,0.4903035140617178
2022-06-28,0.48938653030511386
2022-06-29,0.5016120027617874
2022-06-30,0.49358129885826874
2022-07-01,0.4488572069028441
2022-07-05,0.42056515949225015
2022-07-06,0.26522072195936514
2022-07-07,0.34070314438367455
2022-07-08,0.23792575032615224
2022-07-11,0.22209061583201511
2022-07-12,0.2043015856481946
2022-07-13,0.13490477113676763
2022-07-14,0.13392348482018684
2022-07-15,0.1364948797351537
2022-07-18,0.12508332791878332
2022-07-19,0.1255710691264594
2022-07-20,0.09844569456460672
2022-07-21,0.050204216836111454
2022-07-22,0.055534931819574924
2022-07-25,0.12898196089822075
2022-07-26,0.11567433692960521
2022-07-27,0.12305266660228119
2022-07-28,0.0400501226966904
2022-07-29,0.10850871566756781
2022-08-01,0.13067881015577462
2022-08-02,0.13311273030296894
2022-08-03,0.16119466011221978
2022-08-04,0.2020503773286042
2022-08-05,0.2482029157368418
2022-08-08,0.16367127406516757
2022-08-09,0.1799029841549274
2022-08-10,0.1502518530551499
2022-08-11,0.18637508239360565
2022-08-12,0.12080748038223993
2022-08-15,0.12777689406364517
2022-08-16,0.12473060708939893
2022-08-17,0.12191761391622336
2022-08-18,0.009584650349921297
2022-08-19,0.016564780165038748
2022-08-22,0.026794253199665687
2022-08-23,0.03323801302193865
2022-08-24,0.03364131898900106
2022-08-25,0.020461674882867934
2022-08-26,0.01301644891892697
2022-08-29,0.00925809117705858
2022-08-30,0.10939163750539206
2022-08-31,0.1424315889824844
2022-09-01,0.14092775291895102
2022-09-02,0.14540142618747978
2022-09-06,0.1506501083647878
2022-09-07,0.07146265165787596
2022-09-08,0.04145680815596548
2022-09-09,0.10302949917802488
2022-09-12,0.15152223320523425
2022-09-13,0.15987056400854435
2022-09-14,0.15876232285292433
2022-09-15,0.16674792490902515
2022-09-16,0.1647201047257878
2022-09-19,0.15667183203395038
2022-09-20,0.15577895769487332
2022-09-21,0.15233033516397615
2022-09-22,0.15740292331983363
2022-09-23,0.31396565125613957
2022-09-26,0.2409977685666519
2022-09-27,0.27562384230416603
2022-09-28,0.37911048289407845
2022-09-29,0.3642676835165386
2022-09-30,0.35033450509938513
2022-10-03,0.482763448358459
2022-10-04,0.5342386694596266
2022-10-05,0.5116194005641734
2022-10-06,0.5382402625151496
2022-10-07,0.25050873793873296
2022-10-10,0.2353632431108713
2022-10-11,0.28601896837845303
2022-10-12,0.23617636955313295
2022-10-13,0.25323690562688606
2022-10-14,0.4178234119981791
2022-10-17,0.23940114890068373
2022-10-18,0.1558847576220988
2022-10-19,0.19422936082862846
2022-10-20,0.1657604139006673
2022-10-21,0.2091545795034761
2022-10-24,0.15751172310891023
2022-10-25,0.1544398279927123
2022-10-26,0.15550083603373424
2022-10-27,0.09714899574610504
2022-10-28,0.029300483590120396
2022-10-31,0.02535503217162322
2022-11-01,0.026772655147668405
2022-11-02,0.03186229659256962
2022-11-03,0.03112995406475813
2022-11-04,0.023133335144791805
2022-11-07,0.027550615399028377
2022-11-08,0.031300664125132174
2022-11-09,0.17036627594998408
2022-11-10,0.1733307932580495
2022-11-11,0.20028927332438382
2022-11-14,0.20923542497231248
2022-11-15,0.2141585177131745
2022-11-16,0.19933788248102274
2022-11-17,0.17355470857402955
2022-11-18,0.1739611114087378
2022-11-21,0.16296093546559354
2022-11-22,0.20016214468267635
2022-11-23,0.08629130913497104
2022-11-25,0.04513570559784464
2022-11-28,0.0590095569500041
2022-11-29,0.08911666386438742
2022-11-30,0.04573740783246746
2022-12-01,0.02062571192441599
2022-12-02,0.01023883478162406
2022-12-05,0.11216074830930489
2022-12-06,0.12432060508368258
2022-12-07,0.06342140491468831
2022-12-08,0.06086594650621699
2022-12-09,0.05567617634552912
2022-12-12,0.11000463736921141
2022-12-13,0.11492650697865903
2022-12-14,0.10475651019938771
2022-12-15,0.10596444865660945
2022-12-16,0.11127727766432523
2022-12-19,0.06527852957932703
2022-12-20,0.059437947298911914
2022-12-21,0.030756756053151223
2022-12-22,0.10235901519049898
2022-12-23,0.10534878846293586
2022-12-27,0.061385347258514064
2022-12-28,0.10103683823139337
2022-12-29,0.11348620745908718
2022-12-30,0.10121477953219622
2023-01-03,0.147528335441216
2023-01-04,0.1350623896479924
2023-01-05,0.143121908353748
2023-01-06,0.14322991975846297
2023-01-09,0.14321717526686056
2023-01-10,0.07882532179034092
2023-01-11,0.06629910977208871
2023-01-12,0.01602222024287482
2023-01-13,0.0054585015882950266
2023-01-17,0.012461183893294574
2023-01-18,0.03443670950931844
2023-01-19,0.03976364173942859
2023-01-20,0.02400341354582271
2023-01-23,0.012455858366520443
2023-01-24,0.029004686521887105
2023-01-25,0.026856899633999134
2023-01-26,0.025539913251665495
2023-01-27,0.01593557291665223
2023-01-30,0.027178518498917646
2023-01-31,0.02375341900321764
2023-02-01,0.020391347439373975
2023-02-02,0.07706568008826112
2023-02-03,0.03550505668603176
2023-02-06,0.04129309797629819
2023-02-07,0.11967291887773708
2023-02-08,0.1360637696034875
2023-02-09,0.050887628246319705
2023-02-10,0.15409828616955268
2023-02-13,0.14187154011670897
2023-02-14,0.12177916663413862
2023-02-15,0.10714840676719553
2023-02-16,0.08954863719307132
2023-02-17,0.14374562834289362
2023-02-21,0.15878884884210642
2023-02-22,0.1142725124004249
2023-02-23,0.13267298774257244
2023-02-24,0.12611979103094081
2023-02-27,0.054921902713935
2023-02-28,0.04633795630318817
2023-03-01,0.02892294174072548
2023-03-02,0.008523387529658014
2023-03-03,0.004978496711122747
2023-03-06,0.009400144573884932
2023-03-07,0.026150680607689034
2023-03-08,0.01961334512189229
2023-03-09,0.06608776597222624
2023-03-10,0.06547078177336439
2023-03-13,0.06395021965941353
2023-03-14,0.05870346734889744
2023-03-15,0.16827030031552065
2023-03-16,0.15155414741970105
2023-03-17,0.11843146136216173
2023-03-20,0.15904078310548164
2023-03-21,0.19922103395857585
2023-03-22,0.19998574715563983
2023-03-23,0.19972824518812016
2023-03-24,0.19317826341868294
2023-03-27,0.2151599540682795
2023-03-28,0.21298889761608839
2023-03-29,0.08866912513708726
2023-03-30,0.08471089040095667
2023-03-31,0.028426703693514632
2023-04-03,0.11181754463093035
2023-04-04,0.1141497981395767
2023-04-05,0.05309356573861581
2023-04-06,0.06264805910905628
2023-04-07,0.06681694463346952
2023-04-10,0.035066486190801584
2023-04-11,0.02989641914033602
2023-04-12,0.027588177674045755
2023-04-13,0.018030868748263068
2023-04-14,0.021592431440381085
2023-04-17,0.024537014562229637
2023-04-18,0.013864658667429941
2023-04-19,0.014250111742467661
2023-04-20,0.025142072143352828
2023-04-21,0.018158676078456552
2023-04-24,0.013784850419071107
2023-04-25,0.045356319050426495
2023-04-26,0.046249579191838
2023-04-27,0.032503185828259056
2023-04-28,0.045706640010669375
2023-05-01,0.046481754011639814
2023-05-02,0.03887038879207717
2023-05-03,0.07828694353560277
2023-05-04,0.08630487004272601
2023-05-05,0.11771301135918513
2023-05-08,0.11705787274484326
2023-05-09,0.10230605839238582
2023-05-10,0.09763599918859416
2023-05-11,0.09523900800642442
2023-05-12,0.08966241182756181
2023-05-15,0.08511715151291964
2023-05-16,0.009835990230136307
2023-05-17,0.010801484439526528
2023-05-18,-0.018521752513687824
2023-05-19,0.03934785061443862
2023-05-22,0.02851812982753673
2023-05-23,0.02115256064255136
2023-05-24,0.03521122292123038
2023-05-25,0.02716149401068083
2023-05-26,0.00665960743903944
2023-05-30,0.007028860209264151
2023-05-31,0.058603196058192496
2023-06-01,0.032453891644378036
2023-06-02,-0.033673572436244685
2023-06-05,-0.03212038411334249
2023-06-06,-0.030413747311984183
2023-06-07,0.015972663373393148
2023-06-08,0.006787926760070783
2023-06-09,-0.024183834277573202
2023-06-12,0.00210822013433359
2023-06-13,-0.023263280577109816
2023-06-14,-0.03289299689364288
2023-06-15,-0.0366186700388204
2023-06-16,0.02972365467203554
2023-06-20,-0.027659432141325383
2023-06-21,-0.012659522451193702
2023-06-22,0.02007625754624669
2023-06-23,0.02393209146394709
2023-06-26,0.0306249938396389
2023-06-27,0.03615647459283368
2023-06-28,0.020910261545260884
2023-06-29,0.010323829796213083
2023-06-30,0.021545451553033702
2023-07-03,0.02992362147823688
2023-07-05,0.014146981076770699
2023-07-06,0.029019219631110035
2023-07-07,0.002819567255909559
2023-07-10,0.023678052823064524
2023-07-11,0.006134446966271622
2023-07-12,-0.0028161335119525864
2023-07-13,-0.006432962191492216
2023-07-14,-0.0032436714583663033
2023-07-17,-0.012590149992442989
2023-07-18,0.004558336605129041
2023-07-19,0.00047588836861873357
2023-07-20,-0.03553941450746291
2023-07-21,0.001275274760863937
2023-07-24,-0.012443260095582104
2023-07-25,0.02494088890136193
2023-07-26,0.03461830708532508
2023-07-27,0.03142824960012535
2023-07-28,-0.0013145806490621468
2023-07-31,-0.004667854048532637
2023-08-01,-0.0009945260272818113
2023-08-02,0.0132819970928459
2023-08-03,0.0021551659311018784
2023-08-04,-0.003592016865062464
2023-08-07,-0.006473212256909884
2023-08-08,-0.006607875750295015
2023-08-09,-0.01453478665799535
2023-08-10,-0.0073606097476504135
2023-08-11,-0.005644085855896716
2023-08-14,-0.007870895531724499
2023-08-15,0.014515853723320803
2023-08-16,0.010783162712048358
2023-08-17,0.008327480435256876
2023-08-18,0.008528379467639326
2023-08-21,0.00878444527661663
2023-08-22,0.013427540755601514
2023-08-23,0.027657931346991477
2023-08-24,0.021517480897015346
2023-08-25,0.0036920721588042655
2023-08-28,0.010058006480958672
2023-08-29,-0.006905736259334101
2023-08-30,-0.009104557938747676
2023-08-31,-0.010131261872571577
2023-09-01,-0.015914495960601766
2023-09-05,-0.027355217811592197
2023-09-06,-0.03320730023572876
2023-09-07,-0.03152628449258399
2023-09-08,-0.02791086335058069
2023-09-11,-0.02821519059166129
2023-09-12,-0.014003217495222927
2023-09-13,0.0010966219120856517
2023-09-14,-8.460054130774358e-05
2023-09-15,-0.007094558857273981
2023-09-18,-0.0029504367850984067
2023-09-19,-0.0019440603890108574
2023-09-20,-0.006666450486656169
2023-09-21,-0.01240119339642988
2023-09-22,-0.006763171840916364
2023-09-25,-0.012186249332235928
2023-09-26,-0.021847864274858717
2023-09-27,-0.012829159446417592
2023-09-28,-0.013313650158173342
2023-09-29,-0.01674334584267926
2023-10-02,-0.027810396463214444
2023-10-03,-0.02188709527158071
2023-10-04,0.0056307315654701325
2023-10-05,0.004064650930985117
2023-10-06,0.0063088487443224645
2023-10-09,0.10781762787436955
2023-10-10,0.10770138259304674
2023-10-11,0.061609590767889424
2023-10-12,0.06504900531772123
2023-10-13,0.07751216440131391
2023-10-16,0.04330775742482906
2023-10-17,0.05119082576355254
2023-10-18,-0.010918273093191159
2023-10-19,0.014796663431967762
2023-10-20,0.013076300336691155
2023-10-23,-0.007685222932173861
2023-10-24,-0.014413661139026627
2023-10-25,-0.00876447975682986
2023-10-26,0.012798341978071852
2023-10-27,0.01303876585329764
2023-10-30,-0.010349535878823247
2023-10-31,-0.022645299222959766
2023-11-01,-0.016940086256428608
2023-11-02,-0.017904010896973754
2023-11-03,-0.013842079546138582
2023-11-06,-0.014758244171610419
2023-11-07,-0.0013460185776175873
2023-11-08,-0.011756256634025651
2023-11-09,-0.006367914602963589
2023-11-10,-0.016937179534547122
2023-11-13,-0.013513466603325757
2023-11-14,-0.006744631973000969
2023-11-15,-0.01125948627694514
2023-11-16,0.052795179489275215
2023-11-17,-0.02485681846585601
2023-11-20,-0.027818945805301688
2023-11-21,0.04250474539087082
2023-11-22,0.0291400170270769
2023-11-23,0.030831039956100672
2023-11-24,0.01847709673090641
2023-11-27,0.020000207131386536
2023-11-28,0.017409134024447027
2023-11-29,0.022277516198351006
2023-11-30,0.0026875918305635836
2023-12-01,0.010215385967811757
2023-12-04,0.015270216825413338
2023-12-05,0.014626318822545902
2023-12-06,0.008744239838806931
2023-12-07,0.011525511744112864
2023-12-08,0.0070167876295559395
2023-12-11,0.009469455862290577
2023-12-12,0.019495874903365792
2023-12-13,0.028907278482862096
2023-12-14,-0.04607301393581204
2023-12-15,-0.04516236135563507
2023-12-18,-0.03811229842337564
2023-12-19,-0.04804217839622523
2023-12-20,-0.007825499410696428
2023-12-21,0.006405739636669197
2023-12-22,0.016640128371834494
2023-12-26,0.023639466336081747
2023-12-27,0.027822881421617797
2023-12-28,0.005759639836655212
2023-12-29,0.008473882992509235
2024-01-02,0.004704904018195639
2024-01-03,0.01586425262919531
2024-01-04,0.03997780302650656
2024-01-05,0.026823351082731418
2024-01-08,0.032814016523975593
2024-01-09,0.02820309247392535
2024-01-10,0.035017512550994036
2024-01-11,0.03458768232322258
2024-01-12,0.02035892445944224
2024-01-16,-0.041577770525416065
2024-01-17,0.010549376928980645
2024-01-18,0.033263985051660824
2024-01-19,0.03111323280023149
2024-01-22,0.03613714572148171
2024-01-23,0.030824515582703493
2024-01-24,0.05032379125116487
2024-01-25,0.012734743910943506
2024-01-26,0.017452551094882775
2024-01-29,0.02095860023266079
2024-01-30,0.010817632102251989
2024-01-31,0.02923241659166055
2024-02-01,0.022471876847439336
2024-02-02,0.034165144224859584
2024-02-05,0.04447882144580371
2024-02-06,0.03526056595266803
2024-02-07,0.026612979359777043
2024-02-08,0.012722250074426225
2024-02-09,0.02124518389983517
2024-02-12,0.0285575814860098
2024-02-13,0.003220611025517669
2024-02-14,0.009080429565494421
2024-02-15,0.055330661433055685
2024-02-16,0.045600882032315285
2024-02-20,0.03717128530346341
2024-02-21,0.005063261150041781
2024-02-22,0.0032622419874499434
2024-02-23,-0.012695799052359036
2024-02-26,0.042059930761792486
2024-02-27,0.03873882474216409
2024-02-28,0.03527936898685559
2024-02-29,0.039622649569754
2024-03-01,0.010207278042583767
2024-03-04,0.01077709589852529
2024-03-05,0.008899476354589849
2024-03-06,-0.0010120865460314932
2024-03-07,-0.0006052827853030328
2024-03-08,0.0008861675032572123
2024-03-11,0.0001154342401996958
2024-03-12,0.0034102865489291888
2024-03-13,-0.0013202068376333969
2024-03-14,-0.013969567937473603
2024-03-15,-0.014301894425789429
2024-03-18,-0.023628786597383725
2024-03-19,-0.02478425911189336
2024-03-20,-0.006394256520869326
2024-03-21,-0.004880945238721668
2024-03-22,-0.0020587332596245737
2024-03-25,-0.009928895314021165
2024-03-26,-0.0059702664720870015
2024-03-27,-0.004390706096672135
2024-03-28,-0.013108850110792375
2024-04-01,-0.024298416277021055
2024-04-02,-0.03437055662014891
2024-04-03,-0.03281265494015327
2024-04-04,-0.03287925676147834
2024-04-05,-0.031433596783346805
2024-04-08,-0.03593491552095174
2024-04-09,-0.035140952291657694
2024-04-10,-0.03892854258678119
2024-04-11,-0.03834188945505575
2024-04-12,-0.033000769497726214
2024-04-15,-0.026472049283536348
2024-04-16,-0.03161852509449578
2024-04-17,-0.029250729845453564
2024-04-18,-0.027714728340947566
2024-04-19,-0.028189475960629908
2024-04-22,-0.031051072822192115
2024-04-23,-0.038255843917735816
2024-04-24,-0.03835588204796074
2024-04-25,-0.035709257046877975
2024-04-26,-0.038679110224982424
2024-04-29,-0.03823895269646268
2024-04-30,-0.021626512702505752
2024-05-01,0.01398577830223793
2024-05-02,0.006150476662260513
2024-05-03,0.030812899666192106
2024-05-06,0.026775026251275407
2024-05-07,0.04112895770398603
2024-05-08,0.03575021610438776
2024-05-09,0.014391672213403874
2024-05-10,0.012152561110758965
2024-05-13,0.030007090860815818
2024-05-14,0.0017358345607347237
2024-05-15,-0.000973512880365023
2024-05-16,-0.0008414001494761536
2024-05-17,-0.004949385721309178
2024-05-20,-0.003971526059455046
2024-05-21,-0.0018496345839740687
2024-05-22,0.013086764215926095
2024-05-23,0.007604843046553017
2024-05-24,0.0032295730977251027
2024-05-28,-0.0009442338243681237
2024-05-29,0.009636519925167444
2024-05-30,0.01807577496899577
2024-05-31,-0.027126379841780394
2024-06-03,-0.018110937233448598
2024-06-04,-0.014984456002544696
2024-06-05,-0.014343418322706773
2024-06-06,-0.027371235190193917
2024-06-07,-0.027630808760179253
2024-06-10,-0.02686124869121314
2024-06-11,-0.026646192098662223
2024-06-12,0.00043304093608337725
2024-06-13,-0.006324891119942218
2024-06-14,0.014531220789643797
2024-06-17,0.0015579669506787788
2024-06-18,-0.0038567395708425985
2024-06-20,0.0026368755408020805
2024-06-21,0.00504773923682873
2024-06-24,0.02810804675133002
2024-06-25,0.039245222123851425
2024-06-26,0.030109385817932263
2024-06-27,0.021065294423553323
2024-06-28,0.008107849719074793
2024-07-01,-0.004652702919879177
2024-07-02,0.00021585798950190786
2024-07-03,-0.006689525264585444
2024-07-05,0.010366766072205897
2024-07-08,0.015369736845873236
2024-07-09,-0.005228967260738756
2024-07-10,-0.0027078699344104122
2024-07-11,-0.0010648624788917173
2024-07-12,-0.0012296501639902945
2024-07-15,0.00908242825910118
2024-07-16,0.013147513327365825
2024-07-17,0.0004395816865281619
2024-07-18,-0.0037036150091954126
2024-07-19,0.0033972130948441417
2024-07-22,0.003673069702562683
2024-07-23,0.022305689353551896
2024-07-24,0.015217570331390866
2024-07-25,0.016695574611111964
2024-07-26,0.031297548969764076
2024-07-29,0.026057825119767758
2024-07-30,0.030858631558690636
2024-07-31,0.03202460356657145
2024-08-01,0.0014556902671929925
2024-08-02,0.05365434954281994
2024-08-05,0.07807910810078342
2024-08-06,0.06341589890191292
2024-08-07,0.06712797460484203
2024-08-08,0.0730335112480276
2024-08-09,0.04866437561441803
2024-08-12,0.05978140369904934
2024-08-13,0.012342547251951667
2024-08-14,0.017996210223854617
2024-08-15,-0.021510218821027112
2024-08-16,0.040286407319568215
2024-08-19,0.008976156716003656
2024-08-20,0.006707854027009489
2024-08-21,0.01817762218318411
2024-08-22,0.021636219083038376
2024-08-23,0.0308172466812755
2024-08-26,0.037965081068948255
2024-08-27,0.03176141767015827
2024-08-28,0.027151407884316234
2024-08-29,0.03152888084517933
2024-08-30,0.02474576804257149
2024-09-03,0.04212280090051135
2024-09-04,0.06956591877350046
2024-09-05,0.04265168069662444
2024-09-06,0.06884779093772508
2024-09-09,0.04646423673590939
2024-09-10,0.0599639434571443
2024-09-11,0.05738223192958458
2024-09-12,0.04052510288221699
2024-09-13,0.051308955037074506
2024-09-16,0.05128457541085055
2024-09-17,0.049829903548890504
2024-09-18,0.0314241591585869
2024-09-19,0.024760682351113283
2024-09-20,0.01628376603799422
2024-09-23,0.015477591377596503
2024-09-24,-0.0010817714437884086
2024-09-25,0.011586173547756897
2024-09-26,0.03183387507121118
2024-09-27,0.0017139738977650547
2024-09-30,0.004346514867497675
2024-10-01,0.004451717138415887
2024-10-02,-0.005448410457831185
2024-10-03,0.038168364479370165
2024-10-04,0.015268791815921803
2024-10-07,0.06042261397190007
2024-10-08,0.10158506320671698
2024-10-09,0.05278163857650402
2024-10-10,0.059453204904059406
2024-10-11,0.03366761931259213
2024-10-14,0.018944112145622943
2024-10-15,0.04896999352237257
2024-10-16,0.014706854876004476
2024-10-17,0.004244728705220968
2024-10-18,-0.002162125206296046
2024-10-21,-0.005233974687143815
2024-10-22,0.030327098514502663
2024-10-23,0.029410659038265577
2024-10-24,0.029237016526717508
2024-10-25,0.029765241144086532
2024-10-28,0.0381445189881345
2024-10-29,0.024139735193062752
2024-10-30,0.030695702768886304
2024-10-31,0.05918448775783742
2024-11-01,0.05393274024262479
2024-11-04,0.04918864798656968
2024-11-05,0.02561077547900234
2024-11-06,-0.014998326788782929
2024-11-07,-0.025981977624056737
2024-11-08,-0.01865459611213796
2024-11-11,-0.006146020596602033
2024-11-12,0.036907096008960784
2024-11-13,0.03139642311894229
2024-11-14,0.03258061243171564
2024-11-15,0.04749302324599537
2024-11-18,0.04569314394136694
2024-11-19,0.03371846698328352
2024-11-20,0.018568854450768384
2024-11-21,0.008893087288708107
2024-11-22,0.003958898037464983
2024-11-25,0.026987942100745732
2024-11-26,0.026235609598432907
2024-11-27,0.020556957578813716
2024-11-29,0.02062368346946784
2024-12-02,0.03018008732997004
2024-12-03,0.018273765087195713
2024-12-04,0.054252034557349275
2024-12-05,0.04069397093990622
2024-12-06,0.03088586050413881
2024-12-09,0.03372692000367919
2024-12-10,0.019936995801018674
2024-12-11,0.023072926729351115
2024-12-12,0.015466167767818085
2024-12-13,0.007084644864082786
2024-12-16,0.018781672176735386
2024-12-17,0.01578657996427902
2024-12-18,0.06666391548948694
2024-12-19,0.057443673484048045
2024-12-20,0.02721753693656192
2024-12-23,0.03832899259415889
2024-12-24,0.023548366767232102
2024-12-26,0.029974731725263326
2024-12-27,0.01939068711899288
2024-12-30,0.016602423785076124
2024-12-31,0.022038031003081684
