date,realized_vol,lstm_forecast,garch_forecast
2022-01-05,1.71717646195293,1.3183255,1.6545003598268906
2022-01-06,1.6911378569724134,1.6020428,2.046971436960834
2022-01-07,1.6755799396994195,1.6492956,2.004418395169671
2022-01-10,1.6653791376146174,1.6354738,1.9317741204289764
2022-01-11,1.743105985242448,1.6195829,1.8627576240282624
2022-01-12,1.7633092999949163,1.6882218,1.8079500533367907
2022-01-13,1.6298573043873563,1.7177284,1.7421132360893308
2022-01-14,1.6174839354401098,1.5951581,1.7048030404690029
2022-01-18,1.6124441169571155,1.5624616,1.650945377654865
2022-01-19,1.6330503271089187,1.5596193,1.7620465661805895
2022-01-20,1.071952603916896,1.5823642,1.6985969652609534
2022-01-21,1.4436149169761205,1.0804181,1.645598089274763
2022-01-24,1.487049503066392,1.3392178,1.8647198869737611
2022-01-25,1.6587160788954356,1.4509462,1.7977529473297384
2022-01-26,1.602366004138963,1.6218168,1.9140174311696572
2022-01-27,1.548308874509265,1.5883119,1.843976752828652
2022-01-28,1.6825977787783681,1.5199915,1.825017653569333
2022-01-31,2.6373907707542354,1.6290966,1.773770842966261
2022-02-01,2.49314542055628,2.5401187,2.2453676520734924
2022-02-02,2.4948745640107695,2.5273445,2.1579793070123707
2022-02-03,2.5900369785448767,2.454841,2.0774136829453163
2022-02-04,2.3529617101340685,2.508443,2.111960378698341
2022-02-07,2.3567926149865954,2.2808444,2.0457112535159485
2022-02-08,2.114364361482913,2.2457554,1.9738452391117791
2022-02-09,2.3589334410927694,2.024167,1.8996601987332016
2022-02-10,2.4769622255302384,2.2303295,2.0617377480393806
2022-02-11,2.654859161485222,2.3878403,2.099120523286844
2022-02-14,1.892313290474959,2.5703676,2.138757198579134
2022-02-15,2.5600063009629386,1.8583165,2.066608436304575
2022-02-16,2.555468539161114,2.3763158,2.3871948415529296
2022-02-17,2.4482737438257516,2.487044,2.2928788526847343
2022-02-18,2.5098349175620345,2.3770237,2.2346073559871416
2022-02-22,2.6216559517442604,2.4060552,2.2044730439425724
2022-02-23,2.617268798483296,2.5183825,2.2234309373269188
2022-02-24,3.409168048149045,2.525924,2.1444409387164662
2022-02-25,3.3815715191855373,3.2863746,2.854366090716613
2022-02-28,3.6302347094876035,3.348366,2.837667800803977
2022-03-01,3.643385501732124,3.536217,3.209984928771841
2022-03-02,3.5260628907983302,3.5378885,3.08951774242337
2022-03-03,3.726757553083738,3.3895297,2.995268454426101
2022-03-04,3.6976735704547234,3.5599396,2.9893388711834468
2022-03-07,3.6431840509404734,3.552327,2.8751434848738064
2022-03-08,3.830871505685384,3.4808073,2.8355369538210518
2022-03-09,3.7720679709491063,3.6555684,3.256013516051555
2022-03-10,3.3724013946297546,3.616452,3.1233978414285337
2022-03-11,3.405133347512172,3.1984785,3.019840194698001
2022-03-14,2.9917704157479257,3.187154,2.9259789634526143
2022-03-15,3.0437125052263236,2.8138793,2.9769414018969824
2022-03-16,3.1056359673936313,2.8367412,2.887647016326448
2022-03-17,2.8746768865258403,2.9357252,2.859097982224924
2022-03-18,2.8310572028752716,2.7355332,2.763491475359884
2022-03-21,2.8100329754072577,2.670047,2.6535030009071976
2022-03-22,1.8712829068414012,2.6595,2.5541605374442846
2022-03-23,1.9313492576412705,1.781327,2.479689221053743
2022-03-24,1.9482252091884251,1.7376344,2.4177888017416005
2022-03-25,1.9179110395665637,1.81164,2.3596409579651327
2022-03-28,1.3616407327968583,1.8241088,2.288651452159599
2022-03-29,1.3510928901950516,1.3257354,2.201818566612887
2022-03-30,1.1519145740444623,1.2521648,2.151891367850031
2022-03-31,1.1091469639567249,1.0985153,2.0693721275197383
2022-04-01,1.1142186415715054,1.0576906,1.996412868938782
2022-04-04,1.1892098462634781,1.0758976,1.9260480369666495
2022-04-05,1.1690147735549086,1.1585797,1.930497444311712
2022-04-06,1.1057084011208334,1.1587843,1.8588969561141409
2022-04-07,1.1212388964666409,1.1006088,1.8175089552200632
2022-04-08,1.1319591385824006,1.1054561,1.7794296920052572
2022-04-11,1.1777222155253628,1.1199057,1.7469528035907378
2022-04-12,1.0906866870334662,1.1644206,1.705856365518725
2022-04-13,1.198116483492523,1.0935599,1.6723826794568597
2022-04-14,1.2039787285478463,1.175531,1.6461083622715909
2022-04-18,1.1643591624235272,1.1969719,1.6190433745545767
2022-04-19,1.1763024112720901,1.1610378,1.5732096762782315
2022-04-20,1.241704136996936,1.1632229,1.615595558647606
2022-04-21,1.8648900878402084,1.2231057,1.6289919093586729
2022-04-22,1.877011573786931,1.7993712,2.0674391053618977
2022-04-25,1.9036441746984378,1.89627,2.0391693853261086
2022-04-26,1.9922906703556695,1.8932323,1.960984627722452
2022-04-27,2.12193530425487,1.9511065,2.028667791683881
2022-04-28,2.0455161002293663,2.0689483,1.9780785799718517
2022-04-29,2.052677784470924,2.0032856,1.9061077834647977
2022-05-02,2.083687172863601,1.9869299,1.8795753994390936
2022-05-03,2.0115883518159494,2.0113816,1.8094735999192977
2022-05-04,2.5293648210265385,1.9464061,1.7930232090646303
2022-05-05,2.333907113010414,2.4216418,2.0463087058327
2022-05-06,2.4920573116323794,2.304382,2.240029045877092
2022-05-09,3.073379281699257,2.4049547,2.326253172898224
2022-05-10,3.0212666665816785,2.9729664,2.7812497220270056
2022-05-11,3.007536850017426,2.983016,2.669009463345269
2022-05-12,2.961917841723434,2.9194107,2.6828623340135698
2022-05-13,3.519955044699831,2.846383,2.582095390769038
2022-05-16,3.5082552713509836,3.3797534,2.789216199803953
2022-05-17,3.780708302823842,3.4312825,2.68511807657905
2022-05-18,3.4248698514627947,3.6623478,2.8070806444733805
2022-05-19,3.539066245694099,3.3075452,2.69621877366028
2022-05-20,3.367946331920219,3.3541434,2.780093117333194
2022-05-23,2.5179133372263496,3.2058601,2.6716400958590123
2022-05-24,2.618007326970871,2.3628993,2.584686421318865
2022-05-25,2.2590619383193604,2.3782048,2.5125216460059336
2022-05-26,2.1760433000074584,2.1073768,2.4423005500213666
2022-05-27,1.9018115543682905,2.0205214,2.437597263388377
2022-05-31,1.9695569561283783,1.7865152,2.4289578093199453
2022-06-01,1.8205265320927653,1.83947,2.3586530526241174
2022-06-02,2.027592703107716,1.7368017,2.2870696892591647
2022-06-03,1.8878254487347945,1.923994,2.4448786639318865
2022-06-06,1.9242118859799702,1.8341388,2.357334779380732
2022-06-07,1.9206834805821442,1.8494657,2.324286458055687
2022-06-08,1.8928187494350674,1.8529118,2.244913438871539
2022-06-09,2.1956708836650067,1.8289773,2.1832478413735075
2022-06-10,2.1745477710011043,2.108253,2.226697092501397
2022-06-13,2.6840246212932484,2.1296167,2.1951734317603
2022-06-14,2.6814118594618304,2.5961676,2.638654388145325
2022-06-15,2.8576629240281504,2.6465838,2.5514590545110027
2022-06-16,2.5557171724623218,2.782082,2.5320719596900743
2022-06-17,2.9728089188527727,2.4871352,2.633377547627842
2022-06-21,3.0263847000096797,2.8322275,2.7020048872345828
2022-06-22,2.974579073210333,2.940236,2.674883130574623
2022-06-23,3.0949193047299226,2.8776095,2.572993773350389
2022-06-24,3.007858050792848,2.9689736,2.521291584339463
2022-06-27,2.992708843259414,2.8911932,2.4240109686415483
2022-06-28,2.3997747414285215,2.857197,2.357354794820582
2022-06-29,2.497584050161227,2.284469,2.380169683467575
2022-06-30,2.4415688410874763,2.3128564,2.362476643614026
2022-07-01,2.0170411791099414,2.3068173,2.314434148938844
2022-07-05,1.8520600103042932,1.9209306,2.255338528737332
2022-07-06,1.6849156427620673,1.726756,2.2022600520748585
2022-07-07,2.103442956532734,1.5783122,2.1194643531168893
2022-07-08,2.063689463912957,1.9706559,2.3074629724833717
2022-07-11,2.279637747313457,2.013654,2.242406371949428
2022-07-12,2.291750617559698,2.2060928,2.276850618988468
2022-07-13,2.135179325082218,2.236137,2.2413045135064973
2022-07-14,1.9958434692022953,2.07553,2.159193611179721
2022-07-15,2.0031148683578905,1.9154377,2.078408751589636
2022-07-18,2.061470347724723,1.9079586,2.0491165704459418
2022-07-19,2.0751496502100983,1.9744065,2.0424032640081458
2022-07-20,2.0625824485091213,2.0019019,2.023193736065885
2022-07-21,1.6093637548625523,1.9916321,1.951597081891698
2022-07-22,1.5445520466151246,1.5686123,1.878353046440168
2022-07-25,1.3323265847850905,1.4516934,1.814109790489001
2022-07-26,1.2954780265571508,1.270854,1.779859874762439
2022-07-27,1.9173546762651068,1.2301719,1.7659603246812758
2022-07-28,2.6960419993630405,1.8105981,2.106129991171566
2022-07-29,2.491195482108219,2.6465957,2.7248672167576427
2022-08-01,2.655575693298903,2.533502,2.685207028226657
2022-08-02,2.6512100822634945,2.5994349,2.5995390815414043
2022-08-03,2.864583733916332,2.5815516,2.518479858721237
2022-08-04,2.8397872831659368,2.7676554,2.484957754798597
2022-08-05,2.7755884587848825,2.7580578,2.4404664718182154
2022-08-08,2.79179311030683,2.6742718,2.352572829133005
2022-08-09,2.631597571057283,2.67081,2.2629672426574827
2022-08-10,2.6049108401690666,2.517338,2.176422402393788
2022-08-11,1.9588488117704195,2.4730012,2.40482133473799
2022-08-12,1.8876130998623057,1.8689468,2.340399100301658
2022-08-15,1.7983537503141194,1.7347975,2.269431555149183
2022-08-16,1.8823333364090404,1.679553,2.180768731771934
2022-08-17,1.6921130652211336,1.7771556,2.1241329641531737
2022-08-18,1.628444557303874,1.6331409,2.0446234735185773
2022-08-19,1.9092152456014226,1.5570619,1.967037407934492
2022-08-22,1.9687921713676042,1.8166437,2.0362629651825057
2022-08-23,1.9646537973411333,1.921459,2.002835782434739
2022-08-24,1.4017457623652305,1.9201758,1.9269730838694208
2022-08-25,1.5466004936964717,1.390964,1.927413355460664
2022-08-26,1.6310828645647606,1.4438763,1.934715596129697
2022-08-29,1.6419839263892035,1.5611016,1.962785647757958
2022-08-30,1.6290561598967983,1.5983346,1.9116901622875704
2022-08-31,1.6423458854146848,1.58915,1.858627093983101
2022-09-01,1.6769999502404689,1.5969131,1.789681624755569
2022-09-02,1.5425341361723859,1.6294558,1.7880773167237891
2022-09-06,1.5650759491651947,1.5109004,1.7759726179556277
2022-09-07,2.2233178883009113,1.5120195,1.734211581021762
2022-09-08,2.1467812720917223,2.1272058,2.0992114054969826
2022-09-09,2.036608404150379,2.1485262,2.025932695995871
2022-09-12,1.8881690741636898,2.005009,1.9496428186673869
2022-09-13,2.066433720159707,1.8291816,1.884972418417576
2022-09-14,2.0797235901708784,1.9720167,1.951483504273966
2022-09-15,2.3074993072048757,2.0158095,1.9227725104541304
2022-09-16,2.228405045722858,2.2294002,2.001578199910293
2022-09-19,2.149144260869423,2.1780677,1.927611096645331
2022-09-20,2.363698679136489,2.0783887,1.856146399477326
2022-09-21,1.6344437584734501,2.263185,1.9643351201016093
2022-09-22,1.7418063969153705,1.612189,1.894757650112102
2022-09-23,1.76636003990719,1.6133773,2.0157997099855254
2022-09-26,1.6369616548202093,1.6753763,2.0898355021325155
2022-09-27,1.7467679832216665,1.5811545,2.116670299011876
2022-09-28,1.7503674270329939,1.6718,2.0426365457699864
2022-09-29,1.9652044090303142,1.6972744,2.0087477726014717
2022-09-30,1.9873810707147705,1.8980895,2.272538777418688
2022-10-03,2.435335338548996,1.9459711,2.183508639145841
2022-10-04,2.665795759391813,2.3589733,2.2522394615450967
2022-10-05,2.8922910545509533,2.6271925,2.318978447176605
2022-10-06,2.852132687010257,2.8445187,2.481826058007704
2022-10-07,2.850798384974976,2.7962265,2.491397143201812
2022-10-10,2.791974287807977,2.7558167,2.514913633220645
2022-10-11,2.756497920127788,2.6824646,2.417532524094489
2022-10-12,2.6720339651387928,2.6353528,2.338554229742804
2022-10-13,2.4950991431712684,2.550482,2.349786550183292
2022-10-14,2.5208941709779387,2.374273,2.27723807739725
2022-10-17,2.3321925514123953,2.3842423,2.2549892520609776
2022-10-18,2.2281521811629004,2.2225807,2.220492678038924
2022-10-19,2.0857432726394753,2.110043,2.240514637600062
2022-10-20,1.9895097510976625,1.9772208,2.2980560474755887
2022-10-21,1.970960977818374,1.8847215,2.2195016300476023
2022-10-24,1.977282439152276,1.8712368,2.1836819558040705
2022-10-25,2.1997838161028516,1.8893731,2.109256493035681
2022-10-26,2.1091858402964605,2.1075256,2.1755790722175155
2022-10-27,2.1015279124282613,2.0558066,2.203294935771273
2022-10-28,1.9223394942506913,2.028086,2.1213099068573573
2022-10-31,1.891483053640903,1.8562981,2.039715427719467
2022-11-01,1.7595149060934228,1.8056442,1.9617113120026477
2022-11-02,1.496486585442957,1.6890306,1.8876706275621196
2022-11-03,1.4963418999060543,1.4402573,1.863462497406432
2022-11-04,1.4560739264797011,1.4159628,1.877993486965302
2022-11-07,1.4874080923114117,1.3972744,1.8181675192936284
2022-11-08,1.4023137784573407,1.4341503,1.773062819576889
2022-11-09,1.2394127917060824,1.369733,1.8249832773471983
2022-11-10,2.3732517104197557,1.2147511,1.7614248584697243
2022-11-11,2.430625895071321,2.2370276,2.4644455472497104
2022-11-14,2.4818450871495266,2.4629338,2.382405376868516
2022-11-15,2.496297116717553,2.472727,2.3005566966005118
2022-11-16,2.4494991314091643,2.4435625,2.262975073589946
2022-11-17,2.4175541773337654,2.3745856,2.1933160832224843
2022-11-18,2.4345391611189604,2.3265421,2.1119972194222205
2022-11-21,2.4117641871542155,2.335593,2.0307725971850727
2022-11-22,2.349299457304076,2.3165379,1.962932450607787
2022-11-23,2.3226219203156706,2.253597,1.91893256537787
2022-11-25,1.0408965628968032,2.220455,1.868367610303605
2022-11-28,1.1619177817195678,1.0411886,1.7984831645482358
2022-11-29,1.1381697471143362,0.99739736,1.801219409916726
2022-11-30,1.6526367225134546,1.0441539,1.7404409569614856
2022-12-01,1.642228842525047,1.5506598,2.005963051282502
2022-12-02,1.6859478122811107,1.6363701,1.946139156642684
2022-12-05,1.7599450790766464,1.6645677,1.913446782333327
2022-12-06,1.8947088045649394,1.7227409,1.8729326738439716
2022-12-07,1.853811918703458,1.8483905,1.890264761305233
2022-12-08,1.8368286219053065,1.8213145,1.8221589241504956
2022-12-09,1.8379728428251603,1.7897221,1.766723186801985
2022-12-12,1.7534874472062232,1.7816784,1.703352991789577
2022-12-13,1.7604184680722348,1.702125,1.6597404167477
2022-12-14,1.2258474427456614,1.696817,1.6308827960480878
2022-12-15,1.3738081756803049,1.2145231,1.6017921587046324
2022-12-16,1.3557509926155975,1.2802818,1.644088641457153
2022-12-19,1.3430666666490216,1.3058475,1.6567845040173224
2022-12-20,1.195626961033162,1.3079598,1.623318574384062
2022-12-21,1.2941918043110012,1.1792884,1.5656977727675168
2022-12-22,1.3676887677299185,1.2503349,1.5584101352008706
2022-12-23,1.3710190935752569,1.3374406,1.5734150755337806
2022-12-27,1.3268590976643335,1.3541139,1.52491394210583
2022-12-28,1.1968583070640753,1.3117564,1.5041848990753492
2022-12-29,1.2763546660733747,1.1855351,1.4775228480869194
2022-12-30,1.1787916615315692,1.2386081,1.4879427169214443
2023-01-03,1.1104765202904063,1.1677853,1.4368673306416535
2023-01-04,1.1402150001358926,1.0959777,1.420072895438788
2023-01-05,1.2868980716229086,1.1159855,1.3894442186046467
2023-01-06,1.4948603673227565,1.2570889,1.4561719760478622
2023-01-09,1.4394928699095717,1.4692826,1.564095287603938
2023-01-10,1.4996858378885025,1.4439056,1.5261579774427128
2023-01-11,1.6338440337565503,1.4777395,1.5259712398910734
2023-01-12,1.5508586604121362,1.5995559,1.6608295873512195
2023-01-13,1.5542238692980423,1.5365561,1.6488032774063128
2023-01-17,1.5314632618075084,1.5195208,1.5898640261883623
2023-01-18,1.5399871804179681,1.4953274,1.5435401573459484
2023-01-19,2.020766951875964,1.4995244,1.522605715640168
2023-01-20,1.8413477532475608,1.943513,1.7332480761739948
2023-01-23,1.7661407042187838,1.842544,1.6901551583246677
2023-01-24,1.8073916317066028,1.7280331,1.697481042050876
2023-01-25,1.796631719185951,1.7443484,1.648583222031935
2023-01-26,1.5225271470009023,1.7412615,1.6044056216216098
2023-01-27,1.4131749778501563,1.4894733,1.547269796411656
2023-01-30,1.4841171011736798,1.3541889,1.4986335507525668
2023-01-31,1.8010577634270892,1.4147056,1.527025906751759
2023-02-01,1.8145378345453291,1.7289934,1.659038522097695
2023-02-02,1.412580273675574,1.7917446,1.6218809230795166
2023-02-03,1.6357997723584545,1.4133015,1.5727367054260322
2023-02-06,1.487728833401607,1.5508528,1.673330331970586
2023-02-07,1.483479172283182,1.4562751,1.614691839153506
2023-02-08,1.4824963424397906,1.4373078,1.557046345742604
2023-02-09,1.5442668703042153,1.4396474,1.5173226241055482
2023-02-10,1.5471544041239813,1.4998885,1.5348808260984894
2023-02-13,1.5179215270541342,1.5131323,1.4817379265453683
2023-02-14,1.100972323074997,1.4854614,1.453819481548973
2023-02-15,1.3041672327423572,1.1034296,1.4170212499794697
2023-02-16,1.499270127064875,1.229333,1.481639907827187
2023-02-17,1.3257036622159375,1.4495336,1.6059972719985347
2023-02-21,1.3840472630322316,1.3289917,1.5487880156971032
2023-02-22,1.3767921757744372,1.3509797,1.554419865601662
2023-02-23,1.3945439510840356,1.3507537,1.5038699643288052
2023-02-24,1.4138011211980777,1.3665723,1.454141062428141
2023-02-27,1.5605766332429754,1.3864521,1.4929318962866391
2023-02-28,1.5046076672005095,1.5218189,1.510055499873275
2023-03-01,1.5980770728691887,1.4895695,1.4592757421524898
2023-03-02,1.3927262397273676,1.559925,1.4620878557477308
2023-03-03,1.3205793562799313,1.3814484,1.4188301803041534
2023-03-06,1.3425283189168344,1.2842499,1.4768100821094807
2023-03-07,1.273573979564648,1.2980798,1.4444597928708096
2023-03-08,1.2552844636562805,1.2477318,1.4240177612267473
2023-03-09,1.377892674479273,1.2268573,1.3762341384147672
2023-03-10,1.3212307157342231,1.3389708,1.392684498700108
2023-03-13,1.2169743885599744,1.3089335,1.4053794235611086
2023-03-14,1.2573267477942371,1.2054214,1.3654638895937987
2023-03-15,1.3936765591915008,1.2257833,1.3521780751951211
2023-03-16,1.3907224284315323,1.3584901,1.456928600672044
2023-03-17,1.4766632438359848,1.3778834,1.4097403439719396
2023-03-20,1.560884747878062,1.450946,1.645331019979686
2023-03-21,1.8062853537065178,1.534268,1.6340789093503243
2023-03-22,1.8355340801498483,1.7649028,1.685864605535113
2023-03-23,1.8410435396545253,1.8172858,1.6799050814512535
2023-03-24,1.795091718891088,1.8099847,1.631319257445998
2023-03-27,1.781079398302388,1.7540811,1.576936587327476
2023-03-28,1.722761218209295,1.7275742,1.5213856682902949
2023-03-29,1.7012977247543533,1.6706415,1.468359096569584
2023-03-30,1.7643087056280746,1.6441272,1.51169266327389
2023-03-31,1.2207627597187707,1.7021829,1.5254906838393465
2023-04-03,1.3256144384513073,1.2187815,1.5284302514410744
2023-04-04,1.2076747092684956,1.2409048,1.5053375046709296
2023-04-05,1.1845444030547887,1.1684223,1.459632815746876
2023-04-06,1.1715914956612627,1.1480752,1.462523757302839
2023-04-07,1.154186154083554,1.1437116,1.413599814099961
2023-04-10,1.1762955145830218,1.1340706,1.3660859732685795
2023-04-11,1.1708677311750222,1.1562856,1.3472184370105726
2023-04-12,1.0373110633888687,1.1578885,1.305805807509089
2023-04-13,1.0767782179684915,1.0393668,1.2658385560669156
2023-04-14,1.0158314433361375,1.0563852,1.3268180022298477
2023-04-17,1.0770461299518677,1.0122224,1.3125258121148975
2023-04-18,1.0538121667314921,1.0619761,1.3428179346277107
2023-04-19,0.9316113608660227,1.0531468,1.2990722824050562
2023-04-20,0.9403909449600933,0.9421201,1.268032035706752
2023-04-21,0.9359341627498339,0.93238986,1.2285044944574162
2023-04-24,0.9070246284165289,0.9337771,1.192060764034999
2023-04-25,1.1378714322209929,0.91218096,1.1563832374088516
2023-04-26,1.7478906316333176,1.1152667,1.2434003518912575
2023-04-27,1.7292081688636414,1.7027005,1.6523380453723262
2023-04-28,1.738048791414779,1.7667805,1.661287210696483
2023-05-01,1.5803879802257452,1.7392018,1.63457094719025
2023-05-02,1.5977487371915942,1.567182,1.5995581296745864
2023-05-03,1.6156023989881412,1.5489341,1.6209289331855656
2023-05-04,1.6718523215004697,1.5683768,1.563196710323061
2023-05-05,1.85780326823837,1.6250476,1.5184083334150118
2023-05-08,1.8499405437712995,1.8035645,1.551566848332964
2023-05-09,1.788104282349365,1.8176755,1.498758743943286
2023-05-10,1.2416368542765586,1.7482436,1.4556450890091608
2023-05-11,1.0760923508148117,1.2335685,1.4149849068695008
2023-05-12,1.4269991223083587,1.0136849,1.3723039633208642
2023-05-15,1.3736158643032486,1.3263584,1.5573438886554332
2023-05-16,1.4198984404291903,1.3551903,1.5213039388101437
2023-05-17,1.4114683217117505,1.3942239,1.573017457414799
2023-05-18,1.4937604020180009,1.3888685,1.5254320419215623
2023-05-19,1.3889630679735807,1.4592764,1.505251508586424
2023-05-22,1.4240928793382508,1.374164,1.460141436640157
2023-05-23,1.44940581810812,1.3884093,1.4391107717192122
2023-05-24,1.4465653105270304,1.4170014,1.4140229235219617
2023-05-25,1.4395749464991132,1.4187142,1.3713577747310184
2023-05-26,0.9776375343335517,1.4105854,1.3263587761643596
2023-05-30,0.9072744297212391,0.9937,1.2854596190402003
2023-05-31,0.7318768523325949,0.86864996,1.2460457914454832
2023-06-01,0.952424180594013,0.71985507,1.2420649654870213
2023-06-02,0.9007900717630818,0.9075861,1.2954781492166996
2023-06-05,0.8910850498825167,0.9108668,1.2623595424787024
2023-06-06,0.8152759388301545,0.90025085,1.226949805031309
2023-06-07,0.7592463021723185,0.83137614,1.1894391835681266
2023-06-08,0.7471090354626146,0.7720378,1.1566502190261587
2023-06-09,0.7626364462124049,0.7565243,1.1252778690427705
2023-06-12,0.8184834316263075,0.7734502,1.0994752485694756
2023-06-13,0.8185970805783415,0.8287296,1.1073606672087457
2023-06-14,0.7747586942584486,0.8387958,1.076836555797022
2023-06-15,0.7345686810614727,0.79907125,1.0697503084535416
2023-06-16,0.7583621692183268,0.7557178,1.1265275469645493
2023-06-20,1.020054663434513,0.7709854,1.1057371338003934
2023-06-21,1.0269011589984232,1.007448,1.2140645477601413
2023-06-22,1.0637241262914738,1.0534987,1.1862715970411042
2023-06-23,1.1342136159224396,1.0795298,1.1846828668972391
2023-06-26,1.1535843805937205,1.1375333,1.2341752573238896
2023-06-27,1.129423893574338,1.1582224,1.197705484524828
2023-06-28,1.1390688002056417,1.1332929,1.186272847574653
2023-06-29,1.1296578483612096,1.1333776,1.1533314005257236
2023-06-30,1.3150651386922787,1.124047,1.1261686890003315
2023-07-03,1.311636152144522,1.2879329,1.2805010729840085
2023-07-05,1.2367577776132106,1.3106524,1.2400017915578232
2023-07-06,1.4107000646187253,1.2362568,1.2752218740305703
2023-07-07,1.4577099062940684,1.3755099,1.3797367435913528
2023-07-10,1.4048178231874908,1.4415743,1.3710952612067593
2023-07-11,1.405968736443807,1.3950704,1.3731715994778102
2023-07-12,1.5338918523770035,1.3809977,1.331782431987308
2023-07-13,1.5673462770180098,1.4941742,1.4204688828076162
2023-07-14,1.6603927967803542,1.5419492,1.4221984058439672
2023-07-17,1.6272214129012061,1.6264046,1.427620522325133
2023-07-18,1.6540438786899612,1.6019892,1.503911996761854
2023-07-19,1.5192959463771631,1.6142215,1.4616717429889463
2023-07-20,1.3453999856530354,1.4904039,1.4142431084377232
2023-07-21,1.3354031707892808,1.312436,1.4123501503720777
2023-07-24,1.3074670108288937,1.2838175,1.3649763207698018
2023-07-25,1.309535280341515,1.2682432,1.3203071388609826
2023-07-26,1.1291941322484627,1.2755343,1.2777629766670362
2023-07-27,1.2417232121716706,1.1196861,1.2441582170530432
2023-07-28,1.1845871597125186,1.1984942,1.3657714176810016
2023-07-31,0.873517743205358,1.1708608,1.3210792098517408
2023-08-01,0.931169197111823,0.8900725,1.286878750525993
2023-08-02,1.4474833084840473,0.89926934,1.3041103649620815
2023-08-03,1.453728912705357,1.3798916,1.6918735323177287
2023-08-04,1.4209334153500122,1.4716064,1.6322179394541103
2023-08-07,1.4003904104328726,1.4286668,1.586743517180677
2023-08-08,1.3876509001249904,1.3866297,1.5369848350469657
2023-08-09,1.5184762558118319,1.3639907,1.4835075747431432
2023-08-10,1.4301262981236778,1.47899,1.457159412035326
2023-08-11,1.417536421678015,1.4170133,1.449459705071788
2023-08-14,1.367637385465092,1.3887037,1.4058599280027355
2023-08-15,1.5287008811800202,1.3396456,1.3588407430493312
2023-08-16,1.0394986261077082,1.4798198,1.5433373433766773
2023-08-17,1.045149220112596,1.0640169,1.518606546083184
2023-08-18,1.0681368167138647,0.9994946,1.5033692447339746
2023-08-21,1.0792068953776148,1.0323462,1.4513527381417706
2023-08-22,1.0700583417592782,1.0611687,1.4028036992105888
2023-08-23,1.1907537485552295,1.0621161,1.3584771871513066
2023-08-24,1.22810457939048,1.1709851,1.384376934353834
2023-08-25,1.3530916192715388,1.2226964,1.4185495764040654
2023-08-28,1.3714079272212552,1.3372587,1.40390495335173
2023-08-29,1.392770042579164,1.3659413,1.359466968578226
2023-08-30,1.5350859602338744,1.379931,1.5092105686159882
2023-08-31,1.4906024310665706,1.5046287,1.572174127322189
2023-09-01,1.4905983023285467,1.478878,1.525709901561753
2023-09-05,1.5782931057785194,1.4645412,1.4725596474829417
2023-09-06,1.6630160914878915,1.5391047,1.483082698942846
2023-09-07,1.53594727848979,1.6267496,1.5048175856962809
2023-09-08,1.4702130306241747,1.5177213,1.4650949879857909
2023-09-11,1.417695508175698,1.4334728,1.415037894574621
2023-09-12,1.4378456507525044,1.3767955,1.3744697828696988
2023-09-13,0.9630510219744876,1.3930223,1.340130707588765
2023-09-14,1.215906881907485,0.97558194,1.3187955914085108
2023-09-15,1.2697226331214089,1.1389887,1.432725490993428
2023-09-18,1.3162750612577063,1.2400991,1.4341218740800632
2023-09-19,1.2689780615677007,1.2996855,1.4367964496317982
2023-09-20,1.1550615697409787,1.2615968,1.391994812226627
2023-09-21,1.295773997545531,1.148401,1.3466061438324524
2023-09-22,1.3120387879705773,1.2574356,1.404169404895344
2023-09-25,1.291737826231125,1.2964497,1.3765693485597326
2023-09-26,1.3360761129684404,1.2803614,1.3454151010986912
2023-09-27,1.3326486639480555,1.3139064,1.4103697446009995
2023-09-28,0.8821972274016732,1.3149315,1.3729984697744184
2023-09-29,0.8914009741817401,0.90994614,1.3287438532760354
2023-10-02,1.349523927634258,0.8546825,1.2856718723094918
2023-10-03,1.3814606735618498,1.2770053,1.6280636479164277
2023-10-04,1.4313456487277683,1.3889722,1.7421274221887726
2023-10-05,1.4078592245503274,1.4311686,1.685462510458669
2023-10-06,1.6404171195980157,1.4011182,1.6473670440147403
2023-10-09,1.6638755698790777,1.5989059,1.6404535938660796
2023-10-10,2.13348108939466,1.6478187,1.5814741285867058
2023-10-11,2.160239391715092,2.0748105,1.8300218235564336
2023-10-12,2.2893999273621706,2.1518245,1.780995099900013
2023-10-13,2.2927630293289525,2.2476892,1.8434930258329132
2023-10-16,2.001071631505693,2.2424376,1.7919038081630565
2023-10-17,1.7193884762809402,1.9505806,1.771264925778128
2023-10-18,1.9609779634574702,1.6433861,1.7142888896031454
2023-10-19,2.0128519861613707,1.8393911,1.7880693732601332
2023-10-20,2.1581991960632494,1.941892,1.7789251851085086
2023-10-23,2.154003659144999,2.0893226,1.897413558995978
2023-10-24,1.7985506861256522,2.0981896,1.829989043173016
2023-10-25,1.758654234792725,1.7553256,1.8320298138206497
2023-10-26,1.733789183367483,1.6668553,1.8515233325278748
2023-10-27,1.9215535883423494,1.652494,1.793739458178209
2023-10-30,1.7615548784079973,1.8377997,1.9301210700922344
2023-10-31,1.822718379118593,1.7236855,1.8581554087517516
2023-11-01,1.7362199809320789,1.7547071,1.8155033005966732
2023-11-02,2.1530056180127146,1.6842772,1.771975156202986
2023-11-03,2.0898683310614548,2.060505,1.94028314193827
2023-11-06,2.1471624716567987,2.060564,1.9925730554845784
2023-11-07,2.0716546631484754,2.089619,1.9531224807008725
2023-11-08,2.0147261009663167,2.0129063,1.8857996909831425
2023-11-09,2.0169391178997635,1.9425129,1.8593114019566856
2023-11-10,1.7252523023069566,1.9368294,1.8093179934967507
2023-11-13,1.721935317618118,1.6710075,1.7464686223042625
2023-11-14,2.846908705238962,1.633291,1.6822870327235993
2023-11-15,2.7784110521467142,2.7017753,2.536668202647221
2023-11-16,2.686981116093095,2.8003387,2.4391570576781967
2023-11-17,2.5808969887429445,2.6462638,2.362504749962854
2023-11-20,2.5567043016550737,2.4892883,2.275892598925088
2023-11-21,2.661763475900414,2.442245,2.2419163763827306
2023-11-22,2.5937256985297434,2.5439773,2.2192406299956957
2023-11-23,2.5477201593163645,2.4960742,2.134809579441688
2023-11-24,2.540097894791651,2.4393742,2.05213746085534
2023-11-27,2.5748509525304875,2.4255347,1.9748558084237025
2023-11-28,1.1463651269309463,2.460936,1.911697006088076
2023-11-29,1.188943446344806,1.1412525,1.8723467670714389
2023-11-30,1.1322459804456377,1.0111483,1.824846407218264
2023-12-01,1.3666208768287111,1.0230134,1.7692283538564273
2023-12-04,1.286403908648317,1.2780387,1.845538899607662
2023-12-05,1.1332947393339428,1.2668461,1.778956974214028
2023-12-06,1.22326592427986,1.1234372,1.735697847076143
2023-12-07,1.221229290455718,1.18298,1.7058919435297957
2023-12-08,1.288334190653249,1.2012619,1.6454252618903311
2023-12-11,1.244765791671287,1.2661697,1.614942658161434
2023-12-12,1.326670430259211,1.2375327,1.55908898716478
2023-12-13,1.8813351439010066,1.3021884,1.572988757464033
2023-12-14,2.3524399053384193,1.8181604,1.895525502117116
2023-12-15,2.249735588290463,2.334067,2.2212217045103206
2023-12-18,2.3147660171795867,2.2717497,2.143307710867854
2023-12-19,2.361533501178947,2.2705674,2.093424123689499
2023-12-20,2.6139090172532224,2.2959647,2.137648134334696
2023-12-21,2.738203306714273,2.5290923,2.229313025872646
2023-12-22,2.6657735833352794,2.6702669,2.3055690134596647
2023-12-26,2.6569852737455677,2.5949178,2.21524248070348
2023-12-27,2.495943956018842,2.5557563,2.159732705798627
2023-12-28,2.271412925344005,2.392712,2.0770365296214863
2023-12-29,1.8934761551359998,2.1597579,2.003010524442425
2024-01-02,1.942938909994721,1.788545,1.946010765706564
2024-01-03,2.04197308476418,1.8058809,1.8981142066284236
2024-01-04,1.8487880713818976,1.9343783,1.928329221327644
2024-01-05,1.5526970323945253,1.7865379,1.886565663885232
2024-01-08,1.1134069285896304,1.492825,1.8178835457413731
2024-01-09,1.1026164631550917,1.0663757,1.7595651480550951
2024-01-10,0.9400449809394825,1.0180016,1.697150238550351
2024-01-11,0.9355810671307773,0.903337,1.63537835728272
2024-01-12,0.8302794821436399,0.901116,1.6181816190716185
2024-01-16,1.2133277526613804,0.8249348,1.5733873310637587
2024-01-17,1.2782772290442002,1.16078,1.795434457277272
2024-01-18,1.2988523574589188,1.2843134,1.8366216672947904
2024-01-19,1.314172743767152,1.3068041,1.7719640074794294
2024-01-22,1.4271164868703428,1.3102528,1.706654801298497
2024-01-23,1.49090333455204,1.4053893,1.6667509425943188
2024-01-24,1.492200859702989,1.4737718,1.6393277498194705
2024-01-25,1.5183761364833794,1.476791,1.5999555305454929
2024-01-26,1.5004335354840943,1.492309,1.5472942800909228
2024-01-29,1.6212841349221443,1.4738116,1.5138498231251734
2024-01-30,1.2516928417213202,1.5775838,1.51097135634333
2024-01-31,1.0002038108839257,1.2568475,1.5133851121452064
2024-02-01,1.3955761858179556,0.9776891,1.4639860372376243
2024-02-02,1.5672038586081718,1.3046194,1.6458876507169349
2024-02-05,1.7023510136735351,1.5371406,1.6677825822850825
2024-02-06,1.7569218267481184,1.6866477,1.716620214758974
2024-02-07,1.9064358252244686,1.7401667,1.71871032221
2024-02-08,1.9204865013516348,1.8682349,1.7853865574814185
2024-02-09,1.9233603725355437,1.8880694,1.7259446619541576
2024-02-12,1.9433184127666507,1.8788979,1.709019166916928
2024-02-13,2.2617094006171015,1.8879595,1.710438757862389
2024-02-14,2.3858677857095043,2.1826718,1.913069241163731
2024-02-15,2.2362184948124058,2.3375976,1.9810307556470472
2024-02-16,2.194037534885593,2.1929777,1.94799910783759
2024-02-20,2.095320534935307,2.1132736,1.9172309096527989
2024-02-21,2.0962770798454606,2.011327,1.8821258509038945
2024-02-22,2.0537631752253005,2.0033555,1.8364088885672485
2024-02-23,2.0678241772088084,1.9711456,1.871624661217708
2024-02-26,1.9756594327450478,1.9836782,1.825064573550062
2024-02-27,1.8986788928640295,1.9035006,1.7571858415725574
2024-02-28,1.5913727060981941,1.8220934,1.7144110846785297
2024-02-29,1.389148349107976,1.534575,1.6775715499976844
2024-03-01,1.3991895159746741,1.3191631,1.6776566428958706
2024-03-04,1.404895961303781,1.3193089,1.6708933260590448
2024-03-05,1.3633367109388232,1.3482429,1.6646716276711395
2024-03-06,1.4404004073379715,1.3260782,1.6063602177723917
2024-03-07,1.259664917851185,1.3965223,1.6008079089674498
2024-03-08,1.1591087323156282,1.2482234,1.5852346979302498
2024-03-11,1.1691305788652042,1.1337498,1.5346403631035643
2024-03-12,1.507807819114118,1.1341219,1.4814190763968995
2024-03-13,1.5758149434122797,1.4504288,1.6025300344477416
2024-03-14,1.515475510499563,1.567228,1.6143155229269663
2024-03-15,1.3682026803018426,1.5115099,1.6012041484371833
2024-03-18,1.3488199811015797,1.3545976,1.5545774732600377
2024-03-19,1.3504628061378179,1.3109032,1.5063757184714122
2024-03-20,1.4704675009451393,1.3140045,1.4608101679630954
2024-03-21,1.371265716792479,1.4289689,1.5307777065960548
2024-03-22,1.3373895362167132,1.3587682,1.4777948694684602
2024-03-25,1.3379480385710616,1.311103,1.4303388897825815
2024-03-26,1.112673994027746,1.3062906,1.4020526922414682
2024-03-27,1.605932090135153,1.107326,1.369626819637446
2024-03-28,1.510525630817571,1.523108,1.6701562748614114
2024-04-01,1.4775997484853307,1.5151352,1.6098254070615023
2024-04-02,1.6128325470613498,1.462535,1.552484153486024
2024-04-03,1.5985475527663642,1.569942,1.5628679294726362
2024-04-04,1.4517591824138574,1.5726714,1.5179194868482595
2024-04-05,1.4968421285949352,1.4316591,1.4651970918052102
2024-04-08,1.51126475846424,1.4481179,1.445077817546103
2024-04-09,1.738777701691142,1.4709342,1.4096050100274289
2024-04-10,1.9960152230035602,1.6838918,1.5931773576813242
2024-04-11,1.574948841782385,1.9526088,1.7089958794283555
2024-04-12,1.7585836204457386,1.5873823,1.6522356735468229
2024-04-15,1.8548580739357095,1.680107,1.7341635685735115
2024-04-16,1.8338480159201482,1.7965761,1.775857403569277
2024-04-17,1.8478041260677154,1.7925464,1.7451791735497522
2024-04-18,1.8419959773211074,1.7961242,1.696092993168948
2024-04-19,1.832126960567165,1.787667,1.6406313424348034
2024-04-22,1.840743709565884,1.7752516,1.5901802022595766
2024-04-23,1.4751459920492074,1.7808294,1.5502609538521568
2024-04-24,1.2855141309079996,1.4467094,1.5190143155836822
2024-04-25,1.2371952046470787,1.2278882,1.4863087133073023
2024-04-26,1.1340580263231324,1.1732085,1.4403189595431836
2024-04-29,1.0042128528659036,1.09536,1.424744242387378
2024-04-30,1.0388303016040845,0.98152846,1.434447261397768
2024-05-01,1.0089837756846056,1.0059923,1.4432813577105503
2024-05-02,1.1541476576949614,0.9964457,1.3948265868199885
2024-05-03,1.2739060846502015,1.1292803,1.4531152119502748
2024-05-06,1.2725051218487426,1.2617648,1.545855252001879
2024-05-07,1.2655800807036262,1.2754931,1.496107897754951
2024-05-08,1.251300149247701,1.2606292,1.4475753573243633
2024-05-09,1.2028876582712649,1.2399942,1.414366010750143
2024-05-10,1.267712916408995,1.1916332,1.3804082951371894
2024-05-13,1.212964374686862,1.2424421,1.3514579537110942
2024-05-14,1.0868205903439458,1.2039229,1.309484143856039
2024-05-15,1.087909997173,1.08293,1.3421300042838686
2024-05-16,1.033090923956574,1.0664381,1.342265089124073
2024-05-17,0.8476691856784956,1.0231615,1.30066008942021
2024-05-20,0.8486841088721078,0.85681784,1.270533313042917
2024-05-21,0.874137651943422,0.83591455,1.230716709032408
2024-05-22,1.3009439131059568,0.8671822,1.2142937465131995
2024-05-23,1.4674842674340294,1.2589175,1.520107336453414
2024-05-24,1.5141845924925754,1.4755685,1.5213809595326535
2024-05-28,1.5077382572549596,1.5279522,1.6008483625063916
2024-05-29,1.665065431614223,1.5057002,1.5702025142273774
2024-05-30,1.6727392303308621,1.6317465,1.5798903142807543
2024-05-31,1.6835349401435338,1.6519314,1.57003949700461
2024-06-03,1.6367420903323373,1.6527364,1.5197408796702647
2024-06-04,1.6992247480053055,1.6025258,1.4799240958085025
2024-06-05,1.6984064998873523,1.6483991,1.4508032331844825
2024-06-06,1.3739984572452992,1.6552166,1.4177548892066214
2024-06-07,1.5444381377163754,1.357281,1.396167089968155
2024-06-10,1.4399691601398192,1.4666511,1.5173307338213151
2024-06-11,1.391348087258939,1.4066923,1.53453860884216
2024-06-12,1.3218622314040878,1.3542268,1.483229672946757
2024-06-13,1.305071198988748,1.2883283,1.4545104121293029
2024-06-14,1.4642121359699916,1.2688949,1.4512194120149051
2024-06-17,1.4517593396075434,1.4166547,1.529218892151024
2024-06-18,1.4634944415135815,1.4326812,1.5331255495477385
2024-06-20,1.4108298624352797,1.4385868,1.4799946623262783
2024-06-21,1.4119924991205473,1.3880359,1.4745545071285389
2024-06-24,1.312572539695372,1.3793229,1.4259950956777865
2024-06-25,1.1959068764644536,1.2905673,1.403858371689609
2024-06-26,1.1502912009738206,1.17362,1.4466591748341695
2024-06-27,1.0774213288196135,1.1210167,1.4061537901657646
2024-06-28,1.343305799081048,1.0576998,1.3640793593923195
2024-07-01,1.2837982896842186,1.293386,1.5927389929312774
2024-07-02,1.2557195798639635,1.2849984,1.536262163468435
2024-07-03,1.5842696953914706,1.2472779,1.4859283314577447
2024-07-05,1.5544151053701158,1.5349901,1.579383763050415
2024-07-08,1.580268869884072,1.5530262,1.5239535713420411
2024-07-09,1.52997427267727,1.5604632,1.4814163604184845
2024-07-10,1.4733707554927586,1.5064094,1.4304188438347467
2024-07-11,1.670055043280608,1.4418249,1.4167981471348408
2024-07-12,1.6896480573573565,1.6122081,1.549981438153869
2024-07-15,1.8531416836817478,1.6596143,1.52911654376686
2024-07-16,1.8895124060274355,1.8072011,1.8197497772833835
2024-07-17,2.053875520959142,1.8547468,1.811785647303061
2024-07-18,1.9296198897187866,2.000558,1.831716092335535
2024-07-19,1.942146799498466,1.8959641,1.7661011864383518
2024-07-22,1.9663055018777338,1.8783638,1.7081726031838378
2024-07-23,1.9834947289608438,1.8989798,1.6752835266715655
2024-07-24,1.9981943211190678,1.9182919,1.626312412452076
2024-07-25,1.768820260165714,1.9328086,1.6109121714753305
2024-07-26,1.7776493032258207,1.7199435,1.5535176666563313
2024-07-29,1.2382894373294957,1.6965191,1.5380420126615049
2024-07-30,1.1057497340824436,1.2155465,1.5018049099193118
2024-07-31,0.9796620760742333,1.0350257,1.4543605966337156
2024-08-01,1.0707692295212683,0.9288329,1.4664617013785937
2024-08-02,1.0516219957507384,1.0183496,1.4529728428089956
2024-08-05,1.4751340677752267,1.0345469,1.405539145419866
2024-08-06,1.48356622904701,1.421297,1.6303144310067106
2024-08-07,1.4415761212584521,1.4929383,1.5779833261947798
2024-08-08,1.5555790471046562,1.4424071,1.5435726343618013
2024-08-09,1.4897081564922807,1.5245057,1.555315663048632
2024-08-12,1.4714712153178753,1.473954,1.5050658466602391
2024-08-13,1.66968423762575,1.4421513,1.4540331366009749
2024-08-14,1.611243161001911,1.6175452,1.5487811976263122
2024-08-15,1.5835781964359132,1.5914216,1.506452501720409
2024-08-16,1.5797948857296735,1.5506731,1.4750503521730614
2024-08-19,1.0190733910794025,1.5379211,1.4248813974377694
2024-08-20,1.1622703769822662,1.0312304,1.427338450424061
2024-08-21,1.1500077583666768,1.0845499,1.4115340398236236
2024-08-22,1.2119495478468163,1.1135515,1.368815271247659
2024-08-23,1.4611519866289127,1.1840951,1.3878813930223233
2024-08-26,1.4642147495577862,1.4233694,1.5391112653319887
2024-08-27,1.2966827870471327,1.4614123,1.48705577213595
2024-08-28,1.2867095488825453,1.2997345,1.4401395024780108
2024-08-29,1.2768512924624753,1.2577116,1.399338156202731
2024-08-30,1.29870716213334,1.2487777,1.3632011605257195
2024-09-03,1.4716624232076552,1.272052,1.334557057584079
2024-09-04,1.5230876492263243,1.4341063,1.4803243353111444
2024-09-05,1.5325334079842978,1.5054604,1.4705215963386562
2024-09-06,1.595219190976299,1.5140625,1.4303442130651067
2024-09-09,1.2245558667558505,1.5633495,1.4892810575725794
2024-09-10,1.2337007966817124,1.2298986,1.438403920908411
2024-09-11,1.7308610342253434,1.1833555,1.3897444841235165
2024-09-12,1.7365345550219222,1.6447557,1.6350953731110405
2024-09-13,1.762420908131516,1.7324206,1.5875039855390318
2024-09-16,1.7595549519903473,1.7427593,1.567746406685045
2024-09-17,1.442789446503258,1.7251769,1.523692099150596
2024-09-18,1.43924231847261,1.4248474,1.4844024772836346
2024-09-19,1.4627867488784347,1.3757136,1.4361883651155254
2024-09-20,1.318852592491362,1.4074377,1.3953262632586625
2024-09-23,1.313047301071927,1.2922467,1.381171881783781
2024-09-24,1.3138426996005477,1.2718831,1.350965761171908
2024-09-25,0.9011217145313801,1.2782198,1.328596589370982
2024-09-26,0.9845112692527395,0.91627294,1.3191289414320202
2024-09-27,0.9314717347664638,0.936698,1.3510884956195035
2024-09-30,0.9437619417987745,0.91649216,1.3149565455601426
2024-10-01,1.0063654135381315,0.93356675,1.2809524475423837
2024-10-02,1.0357701955996799,0.99770993,1.2887850722594292
2024-10-03,1.074242951411843,1.0365735,1.2710784786598113
2024-10-04,1.0308230714435687,1.0748025,1.267298225106115
2024-10-07,0.981614009941488,1.0392165,1.231156551767026
2024-10-08,0.952251811815961,0.98637277,1.1934803218193584
2024-10-09,0.9252998044376107,0.9525989,1.213345971918067
2024-10-10,0.8386806090406521,0.9264183,1.179016899786596
2024-10-11,0.9171255741707885,0.8491646,1.3229416561250336
2024-10-14,0.9202686064206804,0.90874386,1.3055110228227242
2024-10-15,0.991524860101789,0.9273737,1.2691544767116745
2024-10-16,1.1851359058420856,0.9928007,1.3413185140243251
2024-10-17,1.181362236353317,1.1747477,1.341176000383113
2024-10-18,1.207409735383302,1.1963619,1.3271063359172297
2024-10-21,1.1973728788072946,1.2098097,1.2855235187526868
2024-10-22,1.1695717665050727,1.195665,1.2577727404439083
2024-10-23,1.2331284399889575,1.1641332,1.219996841958556
2024-10-24,1.065358994857377,1.214635,1.271971687735029
2024-10-25,0.9950436336758255,1.0732832,1.2334652217114983
2024-10-28,1.0876541330573606,0.98570484,1.1983056877622178
2024-10-29,1.0451825575088736,1.0612508,1.1919032805476426
2024-10-30,0.9357037307123457,1.0439895,1.2477256603185556
2024-10-31,0.9036811209107358,0.94338226,1.2133462614735369
2024-11-01,0.9138517131126369,0.90003395,1.1766731831182315
2024-11-04,1.1819552133561009,0.90871507,1.146426982079974
2024-11-05,1.1801951136843247,1.1539873,1.2675324170591031
2024-11-06,2.700484822891026,1.1946657,1.231771169686715
2024-11-07,2.7493858423632282,2.5901766,2.368846822210383
2024-11-08,2.804475114109323,2.846788,2.3007993780360465
2024-11-11,2.750654677253789,2.8204195,2.29626984831071
2024-11-12,2.799968660079578,2.700005,2.208774457540373
2024-11-13,2.774341214848646,2.7051456,2.237111009192988
2024-11-14,2.9161150070620057,2.6741376,2.151543933536031
2024-11-15,2.891573200968717,2.8000298,2.135742372580835
2024-11-18,2.7263168669031796,2.7882068,2.0701000060484023
2024-11-19,2.6868535217083793,2.6141064,1.9935453895393784
2024-11-20,1.4334899748718817,2.5504708,1.9257228111349
2024-11-21,1.3155766539856915,1.3803715,1.853446550741592
2024-11-22,1.21219609566829,1.1378819,1.7890998656582726
2024-11-25,1.3641007613709504,1.0885181,1.7371649510184777
2024-11-26,1.0528966263547312,1.2655692,1.7418165932661187
2024-11-27,1.05102009904989,1.0409387,1.6893456230415071
2024-11-29,0.8735630783473425,1.0081257,1.6425417575398331
2024-12-02,0.7775610935059877,0.8636971,1.5858400417180751
2024-12-03,0.836749185485678,0.7676154,1.532023915844197
2024-12-04,0.9864380998544003,0.81867176,1.4912925206587613
2024-12-05,0.9858551830995053,0.9726065,1.5052197822149025
2024-12-06,0.9808556943829663,1.0004891,1.453180182654195
2024-12-09,1.1328533884093859,0.99335414,1.4079911529360092
2024-12-10,1.0630480629090124,1.122984,1.4594760578447847
2024-12-11,1.0420218322546633,1.0803621,1.452544783048138
2024-12-12,1.103538691132388,1.0460395,1.4030237819787386
2024-12-13,1.0877311641524465,1.0940504,1.4271368616163564
2024-12-16,1.11063200871483,1.0887358,1.3789232517384993
2024-12-17,1.1552500032331472,1.1055015,1.3873932521788177
2024-12-18,1.4187332898185885,1.1470133,1.3492283924702522
2024-12-19,1.4041168865604536,1.3890024,1.5622831846894285
2024-12-20,1.5506989153087691,1.4104292,1.510157315887251
2024-12-23,1.378353595851086,1.5295752,1.5114202961083865
2024-12-24,1.372828176295839,1.382038,1.470695587504915
2024-12-26,1.3672005716184163,1.34286,1.4232526107658985
2024-12-27,1.2978235299590102,1.3356208,1.3783451246347609
2024-12-30,1.3057136949205943,1.275351,1.342547718408318
2024-12-31,1.2544701499789332,1.2748188,1.319659025867089
